der	40492
und	40384
die	30426
in 	29966
ein	29502
von	19083
des	14482
im 	14119
wur	13761
mit	13030
er 	11327
Die	11240
den	11110
das	11073
auf	10582
dem	9668
ver	9468
ist	9354
war	9237
als	8855
sei	8604
Sch	8585
für	8332
aus	8223
zu 	8100
sic	6974
bei	6811
an 	6756
Ver	6392
am 	5367
Jah	5309
bis	5265
sie	5249
nac	5085
übe	4873
Der	4854
Sta	4828
Ein	4721
zum	4495
auc	4477
ers	4274
bes	4071
hat	3827
sch	3804
unt	3798
zur	3722
dur	3709
Das	3509
Im 	3469
vor	3414
Nac	3371
ihr	3282
ent	3113
wie	3092
wir	3031
Mit	3026
nic	2844
Aus	2835
Er 	2831
sta	2792
sin	2772
Pro	2767
In 	2757
zwe	2751
Mar	2715
Sie	2698
Ber	2669
Fra	2640
wer	2639
Auf	2588
Lan	2575
wei	2571
Ges	2551
es 	2513
ges	2496
Sei	2480
sow	2443
um 	2329
geg	2256
Gem	2202
ode	2143
Reg	2112
Str	2108
all	2084
gew	2067
Zei	2048
and	2035
geh	2029
Vor	2020
Unt	2014
vom	1944
Spi	1941
deu	1928
lie	1909
Hau	1836
Ste	1809
ste	1786
erh	1770
Man	1704
Uni	1703
neu	1680
Bei	1670
Mus	1664
kon	1642
Wei	1630
meh	1622
Her	1617
vie	1608
Kon	1605
bef	1594
Bes	1589
Am 	1573
Tei	1550
Geb	1527
noc	1523
Par	1518
ang	1516
Ort	1513
Fil	1501
de 	1500
Pla	1490
Kir	1489
dar	1470
Bau	1465
Es 	1462
of 	1443
Wel	1438
Hei	1432
zwi	1430
beg	1426
Gru	1424
ber	1423
nur	1395
abe	1391
Lei	1379
dre	1378
geb	1376
Rei	1371
Kar	1355
Gra	1317
bet	1313
Fre	1308
err	1308
fol	1302
spä	1297
jed	1283
Kom	1276
Fri	1263
etw	1256
Kin	1248
Ins	1245
Stu	1244
gen	1244
Han	1237
erf	1235
sol	1234
The	1221
zus	1216
For	1209
ins	1202
Nam	1194
Cha	1187
Per	1181
Wer	1178
Nor	1166
hin	1166
Kri	1160
gel	1151
Nat	1147
Joh	1146
füh	1137
Deu	1119
Mai	1111
ihn	1102
bek	1101
her	1099
Sai	1087
for	1084
Dor	1083
kam	1082
Von	1076
Aug	1075
Als	1073
spi	1068
Jan	1050
Wil	1043
Obe	1043
Fam	1033
Ent	1033
tra	1029
nah	1027
hab	1027
Mil	1025
Jun	1016
Kre	1013
Art	992
gef	984
tei	971
dan	968
wo 	950
Int	950
pro	947
Met	940
Gen	939
Mär	936
Com	935
Kan	933
Rec	929
gro	929
Pol	926
abg	926
kom	921
Kön	917
heu	917
Chr	917
dam	916
Für	913
Ers	912
ab 	911
Tra	910
Mon	909
Jul	909
Bun	907
End	904
Neu	901
Mal	896
dor	887
Übe	884
Gro	882
Okt	877
so 	868
man	867
Wie	864
wen	862
Arb	860
Ant	860
ebe	849
lan	844
eig	843
Wal	842
Bil	842
ihm	841
erw	837
Win	832
wäh	827
Pre	826
Bar	825
Pri	823
mus	821
Fer	817
Car	817
Ang	816
Bra	813
kan	810
Sep	806
Hal	802
Ger	797
zei	790
Süd	787
Lin	786
gem	786
ehe	782
Min	779
Ser	778
Nov	776
kei	775
Zwe	774
Sti	770
Leb	770
Vol	761
Zus	758
hie	757
Soh	755
Ban	749
Alt	748
Aut	746
Abs	746
Dez	737
gab	735
Alb	733
Feb	729
int	726
Bru	726
Bet	726
Kun	725
San	721
Ost	720
Kil	720
Bis	719
sel	716
Ans	715
fra	714
Geo	712
Dan	712
Fel	709
Wes	706
Tit	706
wel	704
Den	700
zun	699
Apr	699
ern	696
Ric	694
fan	693
ben	692
kön	691
kle	691
Men	687
Eur	687
bez	687
Dre	681
Dar	680
arb	678
Flu	674
Mor	669
Lie	666
Kla	666
let	661
Leh	659
Dur	658
Was	648
Pet	648
Mei	645
süd	642
zug	640
gin	639
Fes	638
Kat	637
Gre	634
Amt	632
Grü	630
Vat	628
wor	627
fün	624
gle	618
Fin	610
All	610
Tod	609
Hoc	608
leb	603
ger	603
Fol	595
Kam	594
Bez	592
pol	590
Gew	588
stu	587
lei	587
Kur	587
Res	585
Bro	585
Bri	579
Woh	576
Son	574
Tur	573
Hol	572
Har	570
da 	570
Med	566
km 	566
Ehe	563
Pfa	560
Vie	559
Lau	559
bel	559
Arm	559
Tou	558
Prä	557
fin	557
Run	554
Ind	551
Eis	550
abs	546
tät	544
Bur	544
Tag	541
Nie	540
Neb	540
grö	539
Bre	538
Klo	533
Mat	531
Fah	529
Bas	527
Erf	526
Dis	525
Bah	523
Ope	522
Wir	521
Ab 	518
Bür	517
Wäh	515
kur	515
Gel	513
öst	512
Buc	512
Arc	512
Kra	511
Rol	508
And	508
bed	507
Spr	506
frü	506
nie	503
Mas	502
ans	500
Auc	498
Jug	497
Hil	497
Sto	496
Anf	496
wes	495
Sol	494
Jos	494
hei	492
Eng	489
Höh	487
Col	486
Che	484
Wol	481
Mic	481
Beg	480
wec	479
Sit	478
Kap	474
mei	473
Con	472
Qua	471
inn	471
Hin	470
Cou	470
mac	469
fre	467
Inf	466
erl	465
Dam	465
Ale	464
alt	463
bil	462
Sam	460
Abt	457
auß	456
umf	455
Sal	455
Kün	455
Tri	454
Kai	453
Wah	452
reg	450
Hof	449
Zen	447
Auß	447
Fun	445
dab	443
Mot	441
jew	441
rec	439
Pos	439
Phi	439
was	438
Ran	438
Geg	438
seh	437
sec	435
Län	435
gib	433
run	431
bli	431
Zu 	429
Spo	429
Tho	426
Bel	423
rei	421
Pau	419
weg	418
Tor	418
son	417
Rom	417
Mün	416
Bew	415
Ben	414
Rüc	413
Män	413
eng	411
Ihr	409
Kle	408
Sin	406
bzw	406
New	405
umg	403
Spa	403
nor	403
imm	403
Ros	402
neb	401
Dir	401
set	400
Tea	399
See	399
hoh	399
fes	398
bri	398
erk	396
dri	395
Chi	395
Toc	393
Mod	392
sti	390
Org	390
Kul	388
Tie	387
Mut	387
Ren	386
Por	385
Wor	382
ohn	382
Bla	382
Zie	379
Mag	379
get	379
akt	379
off	378
nat	373
bew	373
Fuß	372
Fac	372
Sen	371
grü	371
Pun	370
Gal	369
erz	369
Gef	367
Bed	364
Tre	363
Dom	363
Wis	360
Erz	360
Oly	359
Got	359
Spe	358
Gol	358
öff	357
Rep	356
Gla	356
gep	356
bra	356
Rob	353
Kas	352
beh	352
Zwi	351
Inn	351
Öst	349
Lis	349
gut	349
Rad	348
ält	348
sog	347
zog	346
Kol	346
Dab	346
Cor	346
wob	345
Wet	345
Luf	345
Brü	345
vol	344
Ton	344
Cas	344
An 	344
Pat	343
nun	342
daz	342
Gar	341
ung	340
Rau	340
zah	338
Ele	338
Lit	337
Dok	337
dav	337
Yor	335
Ham	333
Cho	332
Weg	331
Hel	331
Gas	330
Dem	329
Akt	328
gez	327
Ski	325
Hen	324
Riv	323
Lag	322
Hie	321
Off	319
So 	318
Que	318
Pas	316
Dat	316
Bal	316
mög	314
ach	314
urs	312
Dav	312
Anw	312
Pfl	311
Mau	310
ita	310
Ann	310
Fal	309
the	308
Tro	307
Fir	307
Bac	307
Mac	306
erb	306
Des	306
bee	304
his	303
Anl	302
Lud	301
Ref	300
per	299
Rit	298
Tru	297
Sou	297
Nic	297
Kav	296
lau	295
end	295
Bev	295
Erw	294
obe	293
Umg	292
Stä	291
Sim	290
qua	290
Da 	290
wol	289
Ter	287
Gle	287
Ebe	287
Näh	286
Bay	286
Ten	285
Sac	285
wic	284
Tal	284
ind	284
Zah	283
Kau	283
leg	282
Gut	282
zäh	281
Wan	281
Ern	281
Bea	280
Ass	280
Zug	279
Lig	279
woh	276
Ord	276
Cla	275
Som	274
erm	273
erg	272
gek	271
Arr	271
Rie	270
Pra	269
Kal	269
dir	269
Tex	268
Eig	268
Exp	266
Cen	266
zer	264
kla	264
Sek	263
Rat	263
dah	263
zeh	262
War	262
spe	262
Rot	262
gan	262
Abe	262
Gei	261
Sel	259
Pal	259
Flü	259
Stü	257
Mer	257
Lea	257
Um 	256
jun	256
Fis	256
mod	255
Tan	254
Cam	254
Bef	254
han	252
Ged	252
Elt	252
Zud	251
lag	251
Blu	251
wür	250
unb	250
Sil	250
röm	250
Kor	250
Leo	249
Zur	248
Weh	247
Spä	247
nör	247
Kli	247
Erd	247
Wen	246
Rus	244
Pap	244
Geh	244
Ehr	244
bev	242
His	240
fas	240
Müh	239
Meh	239
Zum	238
Wit	238
Rev	238
Dra	238
str	237
Luc	237
Mos	236
Bad	236
Val	235
kat	235
Far	235
Abg	235
lin	234
Bor	234
zuv	233
Pan	233
Eli	233
Ame	233
Jac	232
USA	231
Tät	231
Lon	228
Kop	228
Hor	228
wis	226
rus	226
Div	226
Sic	223
Mül	223
Aka	222
Tsc	220
Sat	220
Red	220
keh	220
Awa	220
Woc	219
Mis	219
Jur	219
Flo	219
Can	219
Beh	219
Ade	219
zud	218
Tec	218
Häu	217
erö	217
stä	216
bre	216
wah	214
Tat	214
kün	214
ged	214
eva	212
Gri	211
Erb	211
Soz	210
kau	210
Jud	210
Del	210
ant	210
Jes	209
Emi	209
Ott	208
Don	208
prä	207
Plä	207
Rea	206
häu	206
hal	206
bea	206
spr	205
Pfe	205
doc	205
pri	204
Heu	202
Fla	202
Wag	201
Bek	200
Vil	199
fei	199
Pie	198
Erg	198
Dia	198
Bon	198
zwa	197
Max	197
Fei	197
Deb	197
DDR	197
Pub	196
Not	196
Mou	196
jüd	196
Dop	196
daf	196
tri	195
Köl	195
Ita	195
höc	195
oft	194
Bot	194
Are	194
Tel	193
Mes	192
Fab	192
som	191
Jaz	191
Fig	191
Jus	189
gil	189
Ath	189
Saa	188
Roc	188
par	188
Ken	187
Sup	186
Les	186
Isl	186
Sze	185
Rel	185
Pen	185
näc	185
hät	185
Eri	185
bau	185
wil	184
Mel	184
Ker	184
Ide	184
Eva	183
Dep	183
Eck	182
res	181
nam	181
Fas	181
Anz	181
hoc	180
rel	179
hau	179
Sän	178
Haf	178
Dec	178
Ums	177
Obj	177
Feu	177
ähn	177
Lou	176
Jou	176
Orc	175
Kos	175
Jen	175
je 	174
Jam	174
Gat	174
tre	173
Syn	173
geo	173
del	173
mar	172
Lic	172
Gui	172
Glo	172
Dic	172
Sop	171
Soc	171
org	171
min	171
Kro	171
jün	171
Urs	170
Sar	170
Hou	170
Fen	170
Dol	170
Bib	170
zul	169
wuc	169
pla	169
Let	169
kna	169
Erm	169
Erh	169
Bod	169
Bat	169
Ach	169
Lor	168
Jak	168
Ing	168
Fot	168
fer	168
Ruh	167
Ram	167
Häl	167
fli	167
Tür	166
san	166
läs	166
Kie	166
Ast	166
fun	165
Cal	165
bie	165
län	164
nom	163
kri	163
Bio	163
Bec	163
Top	162
soz	162
Leg	162
Dip	162
Tes	161
Sco	161
Paa	161
Lat	161
Gie	161
Erl	161
Cri	161
tro	160
spa	160
Mög	160
Lab	160
Fro	160
För	160
di 	160
Dac	160
Mee	159
Has	159
Gym	159
ame	159
Rin	158
Bou	158
bas	158
anh	158
Sea	157
Rud	157
müs	157
Mol	157
III	157
Büh	157
mil	156
Mik	156
sag	155
Nik	155
leh	155
Clu	155
Bus	155
Tem	154
She	154
pre	154
Fak	154
anz	154
Ama	154
Osc	153
Jon	153
Jea	153
Dri	153
Cap	153
Hee	152
You	151
Ris	151
Nut	151
La 	151
Erk	151
wid	150
Pis	150
Tau	149
Sau	149
Rai	149
Grä	149
exi	149
Daz	149
Bie	149
Bee	149
Grö	148
Web	147
Sur	147
Sha	147
Rhe	147
Pel	147
Leu	147
las	147
Frü	147
FC 	147
Tom	146
Sow	146
Tim	145
Spu	145
Sho	145
ric	145
Mun	145
ken	145
Doc	145
Abi	145
Slo	144
Pic	144
Maj	144
Hon	144
Apo	144
Viz	143
Ori	143
cm 	143
Sci	142
gri	142
Flä	142
unv	141
Öff	141
Exe	141
emp	141
Cit	141
sah	140
Hum	140
bal	140
sor	139
Kör	139
jäh	139
Hun	139
Söh	138
Kel	138
Rek	137
Mad	137
Mäd	136
Hig	136
Ärz	136
Wür	135
Sys	135
Lok	135
fie	135
unm	134
Pop	134
ele	134
bem	134
rea	133
Füh	133
zwö	132
Thi	132
nut	132
Güt	132
Fle	132
et 	132
Dru	132
una	131
Pil	131
Lib	131
jap	131
Err	131
Cre	131
Ala	131
Sec	130
Mur	130
Jed	130
zen	129
Vio	129
Ven	129
Roy	129
Hoh	129
Gou	129
Dör	129
Cup	129
Ung	128
Feh	128
umb	127
Sym	127
pos	127
Bol	127
Ana	127
Typ	126
Tar	126
ob 	126
nim	126
Net	126
Lar	126
Edi	126
Büc	126
Bos	126
Arn	126
Ado	126
abz	126
Tis	125
pra	125
Len	125
Inh	125
Hub	125
fal	125
du 	125
ble	125
äuß	125
Ada	125
Zel	124
tru	124
Shi	124
Maß	124
Loc	124
Hot	124
Gmb	124
Epi	124
Abb	124
Vog	123
Sus	123
Rou	123
dau	123
Zer	122
Wid	122
Räu	122
Koh	122
Pin	121
Küs	121
Jim	121
Hir	121
ori	120
led	120
Lak	120
Cat	120
Arz	120
Ali	120
Ras	119
Pac	119
Kab	119
chi	119
Zwa	118
Sem	118
Pia	118
ost	118
Opf	118
Nun	118
mm 	118
gal	118
Ene	118
aut	118
anf	118
Pok	117
eri	117
Ear	117
Van	116
Koc	116
höh	116
Hän	116
feh	116
Cra	116
Woi	115
sod	115
Mir	115
Det	115
Vic	114
Le 	114
kar	114
Joa	114
Emp	114
Cle	114
uns	113
eur	113
Cro	113
Vid	112
tec	112
sam	112
rot	112
Nür	112
lit	112
Hüg	112
Adr	112
Wun	111
wan	111
Qui	111
Erö	111
Ens	111
Blo	111
App	111
une	110
Umb	110
Pot	110
Boc	110
Air	110
Vom	109
Vis	109
tie	109
Sig	109
Nur	109
Mec	109
käm	109
Imp	109
gre	109
Dah	109
Wai	108
van	108
trä	108
not	108
Lev	108
hel	108
Est	108
Bob	108
zie	107
Smi	107
Sak	107
Röm	107
mün	107
Las	107
Inv	107
Get	107
Ess	107
Eic	107
Alf	107
typ	106
Tam	106
Nan	106
Ini	106
Gan	106
Chu	106
Bli	106
Att	106
Ank	106
Abl	106
Var	105
Tot	105
Rum	105
Oli	105
ler	105
Fan	105
Dro	105
Alp	105
ums	104
mon	104
Eve	104
Anh	104
Abw	104
Hos	103
fla	103
Ell	103
zuf	102
Uhr	102
Tab	102
Pea	102
pas	102
on 	102
Nom	102
Mön	102
Lad	102
Gor	102
exp	102
chr	102
Zür	101
Zuf	101
jet	101
inz	101
Boo	101
Tha	100
Obw	100
Num	100
Mah	100
Los	100
Jer	100
Roa	99
lok	99
gra	99
Git	99
Düs	99
dic	99
dad	99
CDU	99
Bir	99
zue	98
Pha	98
mal	98
Jap	98
Esc	98
Zin	97
Una	97
Mey	97
May	97
dat	97
Bul	97
Ani	97
Liv	96
Lee	96
ich	96
gla	96
div	96
Afr	96
Zun	95
Seb	95
Phy	95
Noc	95
Moo	95
Lam	95
Ill	95
arm	95
ane	95
Adv	95
Pee	94
inf	94
hol	94
Bud	94
Bin	94
Whi	93
Wat	93
übl	93
Sub	93
Sor	93
Poi	93
Nas	93
Nah	93
Hag	93
Gus	93
Goe	93
Dek	93
deb	93
Ämt	93
Raj	92
ord	92
Lim	92
Kno	92
Him	92
dür	92
Din	92
dän	92
Wac	91
Tow	91
tat	91
rep	91
Reb	91
Nad	91
gru	91
Gab	91
Hit	90
Gau	90
De 	90
Ble	90
wär	89
kos	89
Ket	89
ide	89
Gip	89
Gil	89
elf	89
Asi	89
Umw	88
slo	88
Seg	88
lös	88
bot	88
Vik	87
Suc	87
med	87
II 	87
Hug	87
Edu	87
do 	87
Wec	86
Kup	86
Kru	86
Foo	86
Ere	86
dag	86
Roh	85
obw	85
gee	85
dis	85
Bak	85
arc	85
Anb	85
Abr	85
Ziv	84
Umf	84
Säu	84
Lot	84
ext	84
Dän	84
Ari	84
Urk	83
sen	83
Rut	83
rüc	83
Ret	83
pub	83
pop	83
Nav	83
Lut	83
kor	83
jen	83
Imm	83
Hai	83
Gün	83
anl	83
Rez	82
Pho	82
Kür	82
Hüt	82
Hom	82
Hea	82
Dei	82
Cyr	82
Ara	82
Waf	81
Tol	81
Haa	81
Fed	81
bla	81
Ane	81
Wur	80
Vir	80
Tun	80
suc	80
Pus	80
Onk	80
näh	80
Jar	80
Hes	80
Fli	80
Blü	80
tür	79
rum	79
ras	79
max	79
Log	79
Klu	79
Kad	79
Fäl	79
Dea	79
Ulr	78
to 	78
Rah	78
Prü	78
Luk	78
Lui	78
Loi	78
dun	78
Cov	78
che	78
Vin	77
Tai	77
Sum	77
Sul	77
Sex	77
Pes	77
Nap	77
Kit	77
Jag	77
fuh	77
Duo	77
Dal	77
Beo	77
Wüs	76
wod	76
VII	76
tsc	76
Thü	76
Sir	76
Put	76
mel	76
Lös	76
kul	76
Höc	76
häl	76
Giu	76
gei	76
Big	76
urk	75
mis	75
män	75
Gio	75
änd	75
Adl	75
Zeu	74
übr	74
Töc	74
Onl	74
Isa	74
Gam	74
Fäh	74
Els	74
Aca	74
Abf	74
Sab	73
Ree	73
ört	73
nan	73
Mul	73
Dou	73
Def	73
beo	73
Bän	73
Ufe	72
Tir	72
ren	72
PS 	72
Mom	72
Mem	72
kre	72
flo	72
Edw	72
Eas	72
Cot	72
Aud	72
abl	72
Ura	71
tau	71
Tak	71
sof	71
Nig	71
Hus	71
Gua	71
Arg	71
Age	71
Tuc	70
Thu	70
Sno	70
Rui	70
Ron	70
Obl	70
neh	70
kg 	70
Hab	70
Gon	70
Fut	70
cha	70
Wap	69
Unf	69
Rod	69
Psy	69
Pod	69
Nel	69
Ler	69
Koa	69
Gir	69
eta	69
Enk	69
Dau	69
Cir	69
Beu	69
Alm	69
Woo	68
Sla	68
Sag	68
rag	68
Lyn	68
Kug	68
Käm	68
Jas	68
Iwa	68
ill	68
Fou	68
Etw	68
ann	68
TV 	67
stü	67
red	67
lat	67
Hek	67
Fün	67
fäl	67
Dun	67
Zuc	66
Zau	66
Völ	66
Psa	66
men	66
Kub	66
jur	66
Hör	66
för	66
ehr	66
Diö	66
Bog	66
Bit	66
bay	66
ATP	66
Aqu	66
Ack	66
Trä	65
sit	65
Led	65
Hop	65
Gli	65
Fau	65
El 	65
Cos	65
Boy	65
Box	65
Böh	65
Zim	64
Zar	64
Ruf	64
por	64
Pay	64
Old	64
Mex	64
Fie	64
But	64
Urt	63
tot	63
sex	63
Reu	63
Pon	63
Ped	63
nen	63
Nea	63
Mio	63
mas	63
Gue	63
Eug	63
Dub	63
Veg	62
Til	62
Rog	62
Nef	62
Mam	62
Lew	62
Kes	62
Jor	62
hän	62
Dsc	62
def	62
Cur	62
Cel	62
Zul	61
Zis	61
Wla	61
völ	61
Sas	61
Roo	61
rie	61
Nis	61
Nag	61
maß	61
Gul	61
Göt	61
GG 	61
geä	61
Gai	61
Atl	61
amt	61
Swi	60
Now	60
Lip	60
Iso	60
Hay	60
Gif	60
Fus	60
Thr	59
Teu	59
Tas	59
Sof	59
Rap	59
Rab	59
Pyr	59
Exi	59
dom	59
bar	59
aka	59
AG 	59
Ska	58
Ple	58
Ora	58
Mie	58
Luz	58
Koo	58
imp	58
hum	58
Gäs	58
Cru	58
Coo	58
bin	58
Bär	58
Axe	58
AfD	58
Zuv	57
Sko	57
Nei	57
Krä	57
dro	57
Doh	57
Asp	57
Amb	57
Zuk	56
Zeh	56
Vit	56
Tee	56
Ral	56
Joe	56
Hut	56
Heb	56
Fon	56
Eta	56
dok	56
Bem	56
Bai	56
Und	55
Tul	55
ref	55
Nes	55
Ner	55
kol	55
Kni	55
kai	55
Ign	55
Hip	55
Goo	55
Gis	55
Fit	55
Bia	55
Aux	55
Züg	54
Urb	54
Seh	54
Moh	54
Lif	54
Küh	54
kra	54
Köp	54
Jäg	54
Hec	54
Hah	54
Gun	54
Eth	54
Due	54
Ami	54
wom	53
ukr	53
Sun	53
ser	53
Moz	53
Mig	53
Mak	53
kW 	53
kir	53
har	53
Blä	53
ana	53
Wri	52
Vas	52
St 	52
rom	52
Rip	52
Rid	52
Rac	52
mec	52
Lus	52
Lov	52
Lai	52
Küc	52
kin	52
Isr	52
Gum	52
Bom	52
Adm	52
Act	52
zuk	51
Wic	51
UK 	51
Tic	51
säc	51
ruh	51
Reh	51
Pit	51
Opp	51
Öko	51
Nau	51
mor	51
Mob	51
Lac	51
Jür	51
gar	51
Emm	51
Dig	51
Vel	50
uml	50
Tok	50
spo	50
Päd	50
paa	50
Nou	50
Jüd	50
isr	50
got	50
gea	50
ert	50
Dev	50
Ähn	50
Zir	49
Ukr	49
übt	49
Sui	49
SPD	49
Plu	49
Müt	49
Inc	49
Elb	49
Doz	49
det	49
Änd	49
ZDF	48
Zäh	48
Vet	48
rev	48
Rem	48
Obs	48
Meg	48
Kei	48
Esp	48
Cer	48
Ate	48
alp	48
Zoo	47
Umk	47
sym	47
Sed	47
Rav	47
que	47
phi	47
möc	47
mat	47
Hur	47
God	47
Glü	47
Ero	47
dra	47
Cin	47
Asc	47
anw	47
unz	46
unw	46
unk	46
Sax	46
Sav	46
säm	46
Pse	46
Nar	46
Liz	46
Law	46
kli	46
Ich	46
How	46
Höf	46
Hob	46
dip	46
Daf	46
Dad	46
bit	46
Abh	46
sub	45
Stö	45
Sät	45
Rio	45
Ray	45
Pir	45
Laz	45
Kne	45
inh	45
höl	45
gas	45
Fru	45
Dmi	45
Cop	45
Coc	45
Boh	45
bio	45
Bab	45
US 	44
TSV	44
Tay	44
Sca	44
Pio	44
McG	44
Map	44
Lux	44
kal	44
Joc	44
Gia	44
Ful	44
Fos	44
Fly	44
Fär	44
fah	44
Wom	43
Wed	43
Wär	43
rek	43
räu	43
pat	43
Opt	43
opt	43
lib	43
Gep	43
Cem	43
bür	43
bun	43
Ano	43
Taf	42
sys	42
Sid	42
SC 	42
Saf	42
Paz	42
Pag	42
no 	42
Niv	42
Naz	42
met	42
Lüb	42
Lec	42
Kis	42
hör	42
Hex	42
Hav	42
Ext	42
Edg	42
böh	42
abw	42
abh	42
XII	41
Wea	41
RTL	41
Rän	41
Pul	41
Neo	41
Lun	41
lob	41
kas	41
Hyp	41
gol	41
Gär	41
flü	41
fäh	41
Cli	41
Bae	41
anb	41
Agr	41
Abd	41
Zol	40
Zea	40
wal	40
Voi	40
Vög	40
täg	40
SED	40
Pup	40
Poe	40
phy	40
Paw	40
Ode	40
Nin	40
Loo	40
kür	40
Krü	40
kro	40
Kim	40
Avi	40
Amp	40
Alk	40
Ägy	40
wed	39
tan	39
rad	39
Orn	39
näm	39
Mid	39
Lem	39
Kus	39
Job	39
Huf	39
fri	39
Elf	39
Dut	39
dop	39
dek	39
Daw	39
Coa	39
Alo	39
Abk	39
Yam	38
wac	38
umz	38
Sku	38
Set	38
psy	38
nou	38
McC	38
Lil	38
la 	38
Kha	38
Joz	38
Hoi	38
Haw	38
Glä	38
far	38
era	38
en 	38
Ede	38
DVD	38
Dow	38
Dix	38
Boi	38
Zon	37
var	37
uni	37
Tos	37
Tin	37
ter	37
sil	37
SG 	37
Rox	37
ret	37
Pur	37
Pou	37
Orl	37
Non	37
neg	37
Maz	37
mäc	37
Kuc	37
Kot	37
Jün	37
Jän	37
Hyd	37
Frö	37
fil	37
Fäc	37
dig	37
Dag	37
Ase	37
agi	37
Zit	36
Twi	36
tou	36
Spl	36
Sib	36
Ses	36
Ont	36
Nör	36
Klö	36
jug	36
inv	36
Hat	36
gli	36
Eff	36
Dif	36
dia	36
Clo	36
BBC	36
Bäc	36
Auv	36
Aer	36
Aar	36
Way	35
usw	35
ros	35
pfl	35
Pfi	35
ope	35
One	35
Olo	35
Meu	35
Lyr	35
los	35
Kwa	35
Jua	35
ink	35
ha 	35
Exk	35
Bow	35
Anr	35
Aac	35
Yos	34
Unm	34
Uml	34
Tob	34
Rüh	34
Peg	34
MfS	34
lut	34
Löw	34
Lod	34
Jub	34
jes	34
jem	34
Ist	34
Hoo	34
Gud	34
glo	34
Fic	34
feu	34
ero	34
Duc	34
Dob	34
dif	34
Cai	34
Bug	34
Boa	34
blo	34
Bäu	34
Ais	34
XVI	33
Wör	33
Tog	33
Rey	33
ort	33
Orb	33
Neg	33
mot	33
Mör	33
Käf	33
Jew	33
Jef	33
jah	33
hof	33
Fuc	33
fro	33
fot	33
flu	33
Fid	33
Enz	33
Eme	33
Duk	33
Dio	33
Day	33
Cod	33
bat	33
Amo	33
Ält	33
ura	32
Uns	32
Tüb	32
Trü	32
töt	32
Syl	32
Sve	32
Oss	32
Ola	32
NHL	32
läu	32
Lah	32
küm	32
Jet	32
isl	32
hun	32
Hed	32
Had	32
Gos	32
fik	32
Cie	32
bad	32
ank	32
Anj	32
Abz	32
Wöl	31
Vul	31
USC	31
Unr	31
unr	31
Ulm	31
tem	31
Tac	31
Sud	31
Säc	31
Rup	31
Rag	31
Pow	31
Oka	31
Ohr	31
mul	31
mag	31
Lob	31
lee	31
Krö	31
krä	31
Ima	31
Ihm	31
Hul	31
est	31
EP 	31
Eie	31
BSG	31
beu	31
ara	31
Ams	31
Agn	31
Aff	31
Zap	30
Yea	30
WM 	30
Wäl	30
SV 	30
Roe	30
pot	30
Pai	30
Oma	30
Noe	30
Nev	30
mir	30
Kaf	30
Jav	30
ini	30
hor	30
hil	30
gül	30
Eul	30
dei	30
Dee	30
cir	30
Bap	30
at 	30
Asy	30
arr	30
arg	30
AM 	30
Yon	29
Wul	29
vir	29
Une	29
syn	29
Ske	29
sep	29
Rüs	29
rau	29
plö	29
Pad	29
Lap	29
Ira	29
Het	29
Hac	29
Gee	29
Fee	29
Esk	29
Epo	29
Ave	29
ava	29
Ash	29
Alg	29
agg	29
abt	29
Zak	28
wit	28
Wik	28
Ula	28
Syr	28
saß	28
Rhy	28
Rak	28
Pom	28
Pfo	28
Pfä	28
pen	28
Pav	28
Pam	28
Özl	28
öko	28
neo	28
mob	28
Maq	28
Low	28
Loh	28
Lek	28
Kob	28
Kag	28
It 	28
Ink	28
heb	28
geö	28
Fok	28
Flö	28
Fai	28
Exa	28
Eid	28
Ech	28
ech	28
Dür	28
dün	28
Doo	28
Dod	28
dec	28
Cyc	28
Cav	28
Bün	28
Beb	28
Bag	28
Anp	28
Acc	28
zuz	27
WTA	27
Via	27
Squ	27
Ruc	27
Rig	27
Peu	27
Osk	27
NSD	27
Myt	27
mut	27
Lün	27
Kut	27
Käl	27
Iri	27
Ire	27
Inz	27
Hym	27
Gib	27
fus	27
fac	27
bul	27
Bör	27
Aur	27
ass	27
Ars	27
abr	27
Abo	27
abb	27
Wys	26
Wän	26
Umz	26
Tet	26
Tax	26
Sey	26
Säg	26
röt	26
rez	26
Pao	26
Pak	26
Oze	26
Out	26
Osw	26
oly	26
nöt	26
Nil	26
Mix	26
Lys	26
Loz	26
koo	26
Kay	26
Iva	26
Hül	26
Hef	26
Gür	26
Gna	26
flä	26
Ewa	26
eve	26
ere	26
emi	26
com	26
Cim	26
Cab	26
Buk	26
att	26
Ato	26
ano	26
abf	26
Zub	25
Zor	25
Zig	25
XXX	25
wün	25
vis	25
Tsu	25
Tig	25
sur	25
sat	25
Rhi	25
Osm	25
Ols	25
ODI	25
Ob 	25
Nob	25
NGC	25
MTV	25
Maw	25
liv	25
Lio	25
Lav	25
Laß	25
Kuh	25
Kic	25
Jör	25
ITF	25
Irl	25
Inl	25
Höl	25
glü	25
Edm	25
Dün	25
Cum	25
blu	25
Bam	25
Ava	25
Ald	25
akz	25
afr	25
Adj	25
Add	25
zut	24
wov	24
wöc	24
Vos	24
Vig	24
Swa	24
Sri	24
Siz	24
ris	24
rFa	24
PTH	24
päp	24
ÖVP	24
Ore	24
Nul	24
Nep	24
Nen	24
nea	24
Mys	24
Mov	24
Me 	24
Lom	24
Küm	24
KG 	24
Jel	24
Hak	24
Gig	24
Fjo	24
Fet	24
Era	24
Eag	24
Dui	24
Dap	24
con	24
Bry	24
Boz	24
bir	24
Ark	24
Anm	24
Alu	24
Aki	24
Ahl	24
ziv	23
Yat	23
wof	23
Wig	23
Vot	23
vät	23
Tut	23
Tön	23
Tap	23
Swe	23
Sio	23
sig	23
Rul	23
Rub	23
Piu	23
ova	23
obl	23
McM	23
loc	23
le 	23
Kna	23
Keg	23
Joy	23
jeg	23
IWF	23
iri	23
Ice	23
Hüs	23
hom	23
hef	23
Gub	23
Gör	23
fos	23
Ert	23
Edd	23
Dyn	23
drü	23
Dit	23
dep	23
Dai	23
Brä	23
Baa	23
Äuß	23
ärz	23
Agg	23
ven	22
UdS	22
Tum	22
Skl	22
Shu	22
Sew	22
Sev	22
sau	22
Sae	22
Rif	22
Pue	22
Pfu	22
Nem	22
mic	22
mer	22
Lup	22
Kum	22
Kip	22
Kid	22
irg	22
hyd	22
Hür	22
Hüb	22
Häm	22
Häf	22
glä	22
Gha	22
Gez	22
Gav	22
gän	22
Fat	22
etc	22
ess	22
cou	22
Cau	22
Byr	22
Buh	22
Äst	22
ast	22
art	22
Al 	22
adm	22
Zyg	21
Zan	21
wus	21
Wün	21
Wuc	21
wäc	21
Vli	21
via	21
Unw	21
Unv	21
UNE	21
Ult	21
TuS	21
Tub	21
TSG	21
töd	21
Tep	21
Syd	21
sup	21
SS 	21
Rug	21
ruf	21
Rok	21
pun	21
Pry	21
Pig	21
PCC	21
pal	21
Oth	21
osm	21
Osa	21
Ohn	21
Oge	21
mex	21
Lüc	21
Lli	21
lim	21
Läu	21
Köc	21
Klä	21
Key	21
Kev	21
IV 	21
Ida	21
Hem	21
Gur	21
eis	21
Egg	21
Cun	21
Coh	21
Büt	21
Auk	21
Atm	21
Ata	21
Ard	21
Aps	21
Alv	21
Ahm	21
Ahe	21
Aga	21
abn	21
Zyp	20
Zuh	20
Zad	20
tun	20
Tej	20
Tad	20
sto	20
Sma	20
sem	20
Scr	20
Saw	20
Rue	20
Raf	20
Puu	20
Pog	20
plu	20
Pkw	20
Ole	20
Och	20
non	20
NFL	20
Myk	20
Mye	20
Mrs	20
Möb	20
Mäc	20
Lyz	20
Lyo	20
Luy	20
Lüt	20
kun	20
kub	20
Kog	20
Kem	20
Kär	20
kap	20
JR 	20
inm	20
Ihn	20
Hoy	20
Hap	20
Gin	20
Fem	20
fam	20
exa	20
Eup	20
etl	20
Ema	20
dot	20
DNA	20
Dja	20
Dim	20
Cad	20
Cac	20
Bös	20
ari	20
ARD	20
Amy	20
Abu	20
zuw	19
Woe	19
win	19
Who	19
Vei	19
Vät	19
Urg	19
Uli	19
Tus	19
Toy	19
teu	19
TBS	19
spü	19
Soo	19
Sok	19
Sky	19
Sap	19
sac	19
Röt	19
Röd	19
Rho	19
Räd	19
Pum	19
Puc	19
Piz	19
pha	19
Olg	19
Oft	19
Nyo	19
NRW	19
Nio	19
Nee	19
mol	19
Moe	19
Maa	19
Lub	19
Ltd	19
Llo	19
Kou	19
Kaz	19
ja 	19
ira	19
Inb	19
Igo	19
hyp	19
Hod	19
Gmü	19
Frä	19
frä	19
Fav	19
Exo	19
eth	19
epi	19
emo	19
Edo	19
Dog	19
Deg	19
Cul	19
Cob	19
Cae	19
Buf	19
bro	19
bib	19
Ask	19
ase	19
anm	19
Aic	19
zit	18
Zac	18
Yar	18
Xav	18
woz	18
VfL	18
Use	18
unf	18
Too	18
Sün	18
Süh	18
Siv	18
Sah	18
rat	18
Plo	18
Pei	18
päd	18
ora	18
Ohl	18
Obo	18
Noi	18
Nit	18
NAT	18
Lör	18
leu	18
kug	18
Koy	18
Keh	18
IC 	18
Hua	18
Hli	18
het	18
Guy	18
gün	18
Gmi	18
Gän	18
fru	18
Fox	18
fle	18
erd	18
Elu	18
eff	18
Dax	18
CEO	18
by 	18
bos	18
Bög	18
Böc	18
Awg	18
Aub	18
Yan	17
wun	17
Woj	17
Wim	17
Wha	17
Wee	17
Wad	17
Ves	17
unh	17
Tav	17
Tän	17
Täb	17
Sob	17
Smo	17
Sli	17
sim	17
see	17
Sad	17
Rur	17
Röh	17
rit	17
Peo	17
Oxf	17
ORF	17
Okz	17
Nue	17
Nab	17
müt	17
Muh	17
Mog	17
McL	17
McK	17
Lög	17
lis	17
küh	17
kör	17
JPS	17
Je 	17
Jay	17
Ise	17
Iro	17
Ilj	17
Hey	17
Gay	17
Fuz	17
Fül	17
fir	17
fel	17
exz	17
Erp	17
Emb	17
Egb	17
Duf	17
DRP	17
Dil	17
Did	17
Cec	17
CD 	17
can	17
bud	17
bol	17
beb	17
Ape	17
Alc	17
Akk	17
adu	17
ada	17
zeu	16
Yas	16
Yak	16
Yac	16
Whe	16
Vla	16
Vau	16
Uwe	16
Uru	16
Ure	16
Unb	16
Übu	16
Tuf	16
Töp	16
top	16
tol	16
Toi	16
Tib	16
tex	16
tel	16
Täu	16
Sue	16
Seq	16
Rös	16
rhe	16
ran	16
Poc	16
Ove	16
Orr	16
Ome	16
Nek	16
Mud	16
Möl	16
mes	16
mäß	16
mak	16
Mäh	16
log	16
Lkw	16
Lia	16
les	16
Kok	16
kni	16
Kik	16
Keu	16
Kee	16
Joi	16
Iss	16
Ism	16
Ion	16
Imb	16
Ibi	16
Hud	16
Hoe	16
hob	16
Hew	16
Hep	16
GBS	16
Gag	16
Gad	16
Fuk	16
fis	16
Fio	16
ewi	16
Ett	16
ell	16
Ego	16
Dus	16
DM 	16
Dik	16
Cry	16
Ces	16
Cdt	16
Caf	16
Bub	16
Boe	16
Bej	16
bäu	16
Apa	16
Akz	16
Aks	16
Zuo	15
Zem	15
Zag	15
Wre	15
wog	15
Wey	15
Wäs	15
Vod	15
Vai	15
Uth	15
Unz	15
Umr	15
Twe	15
tut	15
Syk	15
Sut	15
Sip	15
Säm	15
Rül	15
Rüd	15
Rua	15
Rön	15
Raa	15
Phä	15
Pab	15
onl	15
Nos	15
noi	15
Moc	15
mik	15
Mia	15
mem	15
Lla	15
Lex	15
Lel	15
Kyl	15
Koe	15
Jau	15
Itt	15
ird	15
Ina	15
Hok	15
HK 	15
Här	15
Gug	15
Gom	15
Fur	15
Fuj	15
Fuh	15
FPÖ	15
FIS	15
FDG	15
Fay	15
Epp	15
Env	15
eme	15
Elv	15
Elm	15
eif	15
Ecu	15
EC 	15
dyn	15
Dum	15
Dud	15
DFP	15
Däm	15
Dak	15
Coy	15
CBF	15
car	15
Cah	15
bru	15
Böd	15
Ayr	15
Asa	15
anr	15
Aly	15
Ahr	15
Aft	15
Abm	15
Zwö	14
Zip	14
Wup	14
Wra	14
Viv	14
VdS	14
Url	14
Ull	14
UCI	14
Tyr	14
tur	14
Tug	14
tor	14
Süß	14
stö	14
SSV	14
SSR	14
Sme	14
Rim	14
Rät	14
rap	14
Rae	14
Quo	14
Pru	14
pak	14
Päc	14
Ork	14
Öhl	14
Obr	14
NLA	14
Nip	14
Mya	14
mun	14
Moi	14
Mea	14
Maf	14
Mae	14
Loe	14
LMS	14
Lep	14
KZ 	14
Kho	14
Keo	14
Jum	14
Isi	14
is 	14
Irr	14
irr	14
Icl	14
Ibe	14
Heg	14
Gül	14
Gak	14
füg	14
fig	14
Fif	14
Evo	14
ESC	14
ESB	14
Enr	14
Elg	14
Du 	14
DSG	14
don	14
daß	14
Cut	14
cos	14
Bik	14
Bey	14
Aue	14
app	14
ANC	14
Amr	14
Agu	14
Agl	14
ado	14
Adi	14
ade	14
Zut	13
Zue	13
Urh	13
unu	13
unp	13
Uje	13
swi	13
Suf	13
sla	13
Seu	13
SA 	13
Rya	13
rüh	13
Roß	13
Pyd	13
Puy	13
Pui	13
pse	13
Prz	13
Pjo	13
Pip	13
pho	13
pfä	13
Pek	13
Owe	13
Osn	13
Nuk	13
Nöt	13
Nol	13
Nog	13
NLB	13
Nku	13
Niz	13
nig	13
NAS	13
Nak	13
Näc	13
Miz	13
lux	13
lus	13
luf	13
Loy	13
lon	13
Lju	13
Ley	13
len	13
lac	13
KID	13
Jup	13
iur	13
Ils	13
Iko	13
Huc	13
Hön	13
Häk	13
Gim	13
Gao	13
Fog	13
Fia	13
Enn	13
DJ 	13
Deh	13
Cze	13
cre	13
Cox	13
Coq	13
CBC	13
Büs	13
Bui	13
Bic	13
ban	13
BAF	13
Atr	13
asp	13
asi	13
anv	13
amp	13
Amm	13
aku	13
Ait	13
Ago	13
Acr	13
Aba	13
Zül	12
Zob	12
ZK 	12
Zif	12
Zep	12
Yuz	12
wüt	12
Wot	12
won	12
Waa	12
VfB	12
Upp	12
umw	12
Uma	12
Uga	12
Tyl	12
Tox	12
Thw	12
tal	12
SWR	12
Süm	12
sou	12
sku	12
Six	12
sai	12
rui	12
Req	12
qui	12
Puf	12
Pov	12
Pöl	12
OSP	12
öft	12
Oet	12
Nec	12
MVP	12
MIN	12
McD	12
Lum	12
Lüd	12
Löc	12
liz	12
Lao	12
läd	12
Küf	12
Koz	12
kop	12
Köh	12
Käs	12
Kah	12
Ivo	12
iso	12
Isn	12
Irv	12
Ian	12
Hüh	12
Hov	12
HNO	12
Heß	12
GPa	12
Gly	12
Fug	12
Föd	12
Fag	12
exk	12
erp	12
Emo	12
eil	12
Eif	12
Ed 	12
Di 	12
DAV	12
Civ	12
Chö	12
Caz	12
Cag	12
Blö	12
ATF	12
Arl	12
AOC	12
Ain	12
Aig	12
Äbt	12
Abn	12
abk	12
abd	12
zuo	11
Yur	11
XXI	11
XI 	11
xan	11
Wyn	11
Wut	11
Wav	11
wag	11
Voc	11
viv	11
Vih	11
VI 	11
val	11
Vak	11
Vad	11
Uss	11
umk	11
Two	11
TU 	11
tes	11
Tch	11
Szc	11
syr	11
Suw	11
sum	11
Sug	11
Söl	11
Sis	11
seg	11
Say	11
Säk	11
saa	11
Rov	11
rhy	11
Reo	11
pur	11
Oru	11
Okl	11
Oki	11
ÖFB	11
Of 	11
Obm	11
Obi	11
Nyd	11
Ngu	11
nei	11
NDR	11
Muc	11
Mow	11
Mez	11
lyr	11
lud	11
Li 	11
Lär	11
Lal	11
lad	11
Kuz	11
küs	11
KPD	11
Kov	11
Käu	11
Kak	11
JNR	11
Isc	11
Irm	11
ign	11
Iba	11
Hid	11
hes	11
Hae	11
Gov	11
göt	11
Gae	11
Füß	11
ful	11
FFH	11
FBI	11
Eye	11
Ese	11
Ela	11
Ekl	11
Dzi	11
Dul	11
Dua	11
Dos	11
Dij	11
DGB	11
deg	11
Ded	11
dac	11
Cok	11
Coi	11
Ciu	11
CB 	11
cam	11
CAD	11
byz	11
Bys	11
bus	11
Bue	11
bös	11
Baz	11
BAS	11
Aul	11
as 	11
ani	11
amo	11
Aid	11
Ahn	11
Adu	11
adl	11
Zyl	10
zoo	10
Zec	10
Yve	10
Yaz	10
Xbo	10
wüs	10
wet	10
Wej	10
weh	10
WDR	10
WBO	10
waa	10
vul	10
VoL	10
Vip	10
vak	10
Utr	10
Ute	10
Uta	10
Usc	10
urt	10
Uro	10
unü	10
Trn	10
Töt	10
tha	10
ten	10
tag	10
Sza	10
suk	10
StG	10
Sos	10
sob	10
Sna	10
ska	10
SK 	10
SJ 	10
Sik	10
sib	10
rob	10
Ril	10
Rew	10
Raw	10
rät	10
poe	10
Plü	10
pan	10
Osi	10
Orp	10
orn	10
Omb	10
Ölb	10
okt	10
Ois	10
Oil	10
Öhr	10
Ohi	10
Oct	10
obs	10
Noo	10
Noa	10
Nih	10
Nib	10
Ngo	10
nas	10
Myr	10
My 	10
Mek	10
Lym	10
Lol	10
Lid	10
Laf	10
Läc	10
Laa	10
Kyr	10
kum	10
Kuk	10
Koj	10
Kod	10
klu	10
jou	10
Izu	10
IUC	10
hüg	10
HMS	10
Hic	10
HC 	10
Guh	10
GT 	10
Goy	10
Göl	10
Göh	10
Gog	10
Glu	10
Gaz	10
Füs	10
Foy	10
FMM	10
fix	10
Fey	10
Fec	10
Fea	10
Eyl	10
exe	10
Exc	10
Ewi	10
Euc	10
EU 	10
Esa	10
eno	10
ene	10
Emd	10
elt	10
ECH	10
düs	10
drä	10
Cus	10
cum	10
CSA	10
Cog	10
BRT	10
BP 	10
Bly	10
Bäd	10
asy	10
Aro	10
ärm	10
Ärg	10
Ära	10
Äqu	10
anp	10
Anc	10
akk	10
Akh	10
ägy	10
Agi	10
Ädi	10
Zuw	9
Züb	9
zög	9
Yal	9
XIV	9
Wos	9
Wo 	9
Vok	9
vio	9
vil	9
VC 	9
Vac	9
Uri	9
urb	9
UNI	9
umr	9
Ulb	9
UHC	9
Uda	9
Tyn	9
Try	9
Tip	9
te 	9
TAR	9
Tae	9
Syb	9
Sva	9
StP	9
SRP	9
SpV	9
SPÖ	9
sph	9
Sod	9
Sez	9
sca	9
Ryn	9
Ryk	9
rua	9
RNA	9
Rja	9
Riß	9
Rex	9
rer	9
Rar	9
Pfr	9
Pep	9
Pec	9
Päp	9
Paj	9
or 	9
Oph	9
Öl 	9
Obt	9
Oak	9
nüt	9
noz	9
Noy	9
nov	9
Nia	9
Nai	9
nad	9
mys	9
müh	9
mom	9
Miy	9
Mih	9
mbH	9
MAN	9
Mäg	9
MAB	9
Lyc	9
Lwo	9
Lüg	9
lot	9
Liq	9
Kry	9
Kof	9
knü	9
Kio	9
Kek	9
Kät	9
Kaj	9
Jek	9
Jal	9
jag	9
ine	9
ina	9
Ila	9
iko	9
ibn	9
Hyg	9
Hya	9
Hue	9
HTS	9
Hog	9
him	9
has	9
Häg	9
GMF	9
Ghe	9
Foe	9
fai	9
Fad	9
exo	9
Exl	9
Ewe	9
Evi	9
Ets	9
Eto	9
Esn	9
Equ	9
Eph	9
Egl	9
Ebb	9
Drü	9
Dr 	9
Dew	9
DEF	9
Dae	9
Cic	9
cen	9
CDs	9
Bum	9
Brz	9
brü	9
box	9
Böt	9
Bjö	9
bij	9
Bif	9
BGB	9
bah	9
aux	9
AUD	9
Amu	9
Amn	9
amb	9
Alz	9
alg	9
AHL	9
zyl	8
Zyk	8
Zuz	8
züg	8
Zik	8
Zha	8
Zet	8
you	8
Wus	8
Wex	8
Wem	8
vet	8
Ved	8
VEB	8
vat	8
Uy 	8
Ust	8
USD	8
Urn	8
ult	8
Tuk	8
Tid	8
Ted	8
sus	8
SMS	8
shi	8
Sce	8
Ryd	8
Ryb	8
Rüg	8
Roq	8
Roi	8
Rib	8
RAF	8
Pug	8
Pud	8
prü	8
Plö	8
Pik	8
pie	8
Oua	8
Ota	8
Ors	8
opp	8
Ölg	8
Okr	8
Öft	8
Oeh	8
Odi	8
NZA	8
Nij	8
Nez	8
Nex	8
Neh	8
MW 	8
Mui	8
mos	8
Moj	8
mie	8
MDR	8
McI	8
Mäz	8
mau	8
Mab	8
mäa	8
LSV	8
LoV	8
Löh	8
LMU	8
LKW	8
LAI	8
kV 	8
koc	8
Kiw	8
KIK	8
KiK	8
Kec	8
KDG	8
Jut	8
Jui	8
Jok	8
Jin	8
Jia	8
Jez	8
Iwo	8
Ive	8
ISI	8
ino	8
inl	8
Ibr	8
Häh	8
GWD	8
grä	8
Gmu	8
Gij	8
gig	8
fur	8
fül	8
Fue	8
Fix	8
fet	8
FDP	8
FAZ	8
fak	8
fab	8
Eut	8
Eus	8
esk	8
eid	8
Efe	8
Eco	8
Dov	8
Döl	8
DFB	8
dez	8
DeV	8
DeB	8
Czo	8
Cub	8
Coe	8
CNR	8
Cis	8
cau	8
Cao	8
cal	8
Buß	8
Brö	8
Bov	8
BMW	8
Biz	8
Baj	8
axi	8
Awr	8
Aum	8
ato	8
äth	8
ART	8
Äng	8
Anä	8
ali	8
Ägä	8
aer	8
Zvo	7
Zün	7
zuh	7
Zög	7
Zhe	7
Zey	7
zem	7
Zas	7
Zam	7
Yok	7
Yeo	7
Won	7
wik	7
Wam	7
wa 	7
Voj	7
Vib	7
veg	7
Vee	7
Vah	7
Us 	7
Urd	7
unn	7
un 	7
Uhl	7
Toe	7
TNT	7
Thy	7
TH 	7
tet	7
Teh	7
tax	7
SVG	7
Suk	7
Sty	7
spu	7
Sph	7
Sog	7
Sne	7
Skr	7
sho	7
Säl	7
sal	7
säk	7
Rym	7
Ruz	7
Rüt	7
rud	7
Roz	7
rol	7
roh	7
Rij	7
RBS	7
raj	7
rac	7
PyT	7
POU	7
Poo	7
pic	7
Phr	7
PGA	7
pfa	7
Öym	7
ove	7
Our	7
Oll	7
Okk	7
Oga	7
OFM	7
Öfe	7
Ofe	7
Oce	7
Nsh	7
Nox	7
nos	7
Nop	7
No 	7
NK 	7
Niu	7
ner	7
NEA	7
NBC	7
nae	7
Mum	7
MSC	7
MkI	7
Mim	7
MBA	7
Ma 	7
lyc	7
LPG	7
loy	7
Löf	7
lip	7
LEO	7
Lay	7
LaR	7
Kow	7
Klü	7
KHL	7
Kfz	7
Käo	7
Kao	7
KAI	7
kah	7
juv	7
jud	7
Jov	7
Jol	7
JM 	7
Jeh	7
Jai	7
Jaf	7
Jad	7
ISO	7
Irg	7
iOS	7
Ine	7
Ilm	7
Il 	7
Ike	7
Huy	7
Hün	7
hüb	7
Hra	7
hed	7
He 	7
här	7
Güs	7
gui	7
Gji	7
Gho	7
FU 	7
Frl	7
föd	7
FID	7
fem	7
fav	7
fat	7
EYE	7
EST	7
Eld	7
Ege	7
Edt	7
edi	7
Ecc	7
Ebi	7
DVV	7
dum	7
dru	7
DOS	7
Döb	7
Dho	7
Dha	7
Cui	7
Cöl	7
col	7
CoB	7
cho	7
Cet	7
CAP	7
cap	7
Bof	7
Bim	7
Be 	7
aur	7
Äth	7
asb	7
arn	7
Ärm	7
apo	7
Apf	7
alk	7
Akr	7
AHS	7
Aho	7
Ägi	7
aga	7
Afg	7
ADA	7
ad 	7
Ace	7
ABC	7
AAS	7
Züt	6
zün	6
Zom	6
Zic	6
Zek	6
Zed	6
Zal	6
Yvo	6
Xu 	6
Wül	6
Wu 	6
Wip	6
WCh	6
Wak	6
vrc	6
vog	6
vit	6
Vek	6
üpp	6
Umt	6
Uls	6
UEF	6
UCL	6
ton	6
tit	6
Tif	6
thü	6
thu	6
thr	6
thi	6
taz	6
Täs	6
tar	6
Täl	6
tak	6
tai	6
Svo	6
Suz	6
SRF	6
Sot	6
ski	6
SIN	6
Shr	6
sek	6
sed	6
SCO	6
SBA	6
säu	6
SAS	6
sak	6
Säb	6
Ruu	6
Ruo	6
Rra	6
rou	6
RM 	6
RIS	6
rig	6
Rhö	6
rem	6
reh	6
PSA	6
Pöt	6
pne	6
PLP	6
plä	6
Phu	6
pau	6
pac	6
Ovi	6
Ouv	6
Otz	6
Osl	6
orc	6
Omn	6
Ölm	6
Olm	6
Öku	6
OHL	6
OH 	6
OFC	6
ÖBB	6
Nzi	6
Nuc	6
Nim	6
Nid	6
NHN	6
nel	6
NBA	6
Nao	6
na 	6
myt	6
Myl	6
myk	6
Mrd	6
mix	6
MED	6
maz	6
Mät	6
mah	6
maf	6
Luh	6
Lug	6
LTE	6
lov	6
Loa	6
lil	6
lic	6
Lef	6
Lax	6
Kwi	6
KV 	6
Kui	6
Kuf	6
KPR	6
kog	6
kod	6
Kij	6
Kig	6
Ki 	6
KHU	6
Khu	6
Kaw	6
Kän	6
Kae	6
Kaa	6
Jod	6
Jit	6
Jee	6
Iul	6
ISE	6
iro	6
IO 	6
ima	6
il 	6
IK 	6
Igl	6
HVO	6
Hup	6
Hüf	6
HTM	6
hon	6
Hoa	6
Hje	6
Haj	6
Gyn	6
GWh	6
Gob	6
GHM	6
Gey	6
gec	6
GAT	6
fuß	6
Fud	6
FS 	6
frö	6
FRH	6
FRE	6
Fow	6
fok	6
Fib	6
FEM	6
fee	6
Exz	6
euc	6
ES 	6
Enf	6
Elp	6
Elo	6
Edv	6
Dup	6
Dry	6
DPP	6
Dot	6
Döh	6
Doe	6
DNP	6
DeL	6
Cza	6
CSU	6
cri	6
CON	6
cle	6
Cay	6
Bux	6
brä	6
boh	6
blä	6
BHS	6
Bha	6
bej	6
Azi	6
Aza	6
AVN	6
aug	6
Au 	6
Atz	6
ATR	6
äst	6
Arp	6
aro	6
Apu	6
anc	6
al 	6
ahn	6
agr	6
Ael	6
Aeg	6
Aeb	6
add	6
act	6
acc	6
Abp	6
Aal	6
Zyt	5
Zuj	5
Züc	5
zon	5
zir	5
zel	5
Zee	5
Yuk	5
Yil	5
Yew	5
Yen	5
Yeh	5
Wya	5
Wou	5
wör	5
Wja	5
We 	5
vs 	5
Voy	5
Vör	5
VIS	5
Veu	5
Vec	5
Väs	5
Vam	5
Usb	5
Upw	5
Up 	5
Uom	5
Unp	5
UNO	5
Unk	5
Ukm	5
Ufa	5
Übr	5
Tüc	5
TTC	5
Tof	5
tib	5
Tia	5
Tek	5
tek	5
Teg	5
TCR	5
Tah	5
SVP	5
Süs	5
Sül	5
Suj	5
SSW	5
spl	5
Soj	5
Smu	5
sma	5
Sle	5
ske	5
SKA	5
siz	5
SiO	5
SFS	5
SE 	5
Scu	5
sci	5
sav	5
SAT	5
RTP	5
roy	5
Row	5
Rop	5
RKO	5
rin	5
Rha	5
RCA	5
RBB	5
Raz	5
Rao	5
rah	5
raf	5
räc	5
Pyt	5
PSK	5
Prc	5
Poy	5
pom	5
poi	5
PIO	5
Pid	5
OWA	5
Oul	5
Oud	5
Oti	5
oth	5
Osb	5
Orv	5
Opo	5
Opi	5
Ond	5
Olp	5
Ölf	5
OLD	5
öku	5
Ogu	5
Ogi	5
Oej	5
Odo	5
Occ	5
obi	5
obg	5
Obd	5
obd	5
Nuo	5
num	5
nul	5
Nüc	5
NRK	5
Noz	5
nob	5
NOA	5
nm 	5
nir	5
Nii	5
net	5
Ned	5
nar	5
Näg	5
Muk	5
MOT	5
mio	5
mig	5
Mch	5
McE	5
Mbe	5
Mäu	5
mär	5
Mäl	5
Lyl	5
Lyd	5
LVB	5
lup	5
Lop	5
liu	5
Lik	5
lep	5
lec	5
lap	5
Lae	5
Läd	5
Kyt	5
Kuo	5
Krz	5
Kox	5
Köd	5
Knu	5
kne	5
klä	5
kip	5
Kib	5
kel	5
KBS	5
käu	5
käl	5
Kac	5
Jwa	5
Juv	5
Jüt	5
Jül	5
Juh	5
Joo	5
Jeg	5
Jeb	5
Jaw	5
Jat	5
jak	5
Jae	5
Iza	5
Iue	5
iTu	5
Ite	5
Ish	5
ISB	5
IS 	5
Irk	5
Ios	5
ion	5
inc	5
Ili	5
Ier	5
idy	5
ICT	5
IAT	5
Iaf	5
Hyu	5
Hyb	5
HSG	5
Hro	5
Höy	5
hex	5
Gyr	5
Gös	5
Göp	5
Gjo	5
gip	5
gie	5
geq	5
Gek	5
Gba	5
gak	5
Fu 	5
FSV	5
Fry	5
Fom	5
Föh	5
Foc	5
Fik	5
Fe 	5
FDJ	5
Faz	5
Faß	5
Faj	5
Exh	5
EWE	5
Eun	5
Eue	5
Etz	5
Eti	5
Ete	5
ESV	5
eSp	5
Esm	5
Eru	5
Eöt	5
Elr	5
Ekk	5
Eit	5
Eil	5
Egi	5
ega	5
Edl	5
EBU	5
Dys	5
Dyl	5
Dyi	5
Düh	5
due	5
DTV	5
Drä	5
dos	5
DoN	5
Dju	5
dim	5
Diä	5
DFG	5
DeM	5
Däc	5
Cyn	5
CVP	5
CSS	5
Cow	5
COV	5
clu	5
Chl	5
Ced	5
CBS	5
cat	5
Cäs	5
Byk	5
Bya	5
Buy	5
Bül	5
buc	5
bsp	5
BSC	5
BRP	5
bör	5
boo	5
Böl	5
Boj	5
bog	5
Bo 	5
blü	5
BJP	5
Biu	5
Bax	5
Bav	5
bak	5
Azu	5
Azo	5
Aya	5
Axi	5
Avr	5
AU 	5
Ats	5
ASV	5
ASN	5
Asb	5
Arv	5
Aru	5
äqu	5
Aok	5
AMS	5
AMR	5
AMP	5
alb	5
ais	5
Aha	5
Afa	5
Zsu	4
Zsa	4
Zio	4
Zib	4
Zia	4
Zbi	4
Zär	4
zar	4
Yup	4
Yüc	4
Ysa	4
Ylv	4
Yin	4
Yap	4
XXV	4
Xin	4
Wyl	4
WSO	4
wro	4
Woy	4
Wöh	4
WLA	4
Wiz	4
WG 	4
WEG	4
Wäc	4
WA 	4
Vys	4
VVD	4
VR 	4
VOX	4
Vox	4
Voe	4
VK 	4
vik	4
vid	4
VfR	4
Vex	4
Veh	4
VDE	4
Vay	4
vap	4
Vag	4
Vaa	4
UTC	4
USS	4
Urw	4
Urv	4
Urf	4
Upe	4
uma	4
UFT	4
Uff	4
Udo	4
Übl	4
UBC	4
Tuz	4
Trz	4
trü	4
TOP	4
tön	4
Töl	4
Toa	4
tho	4
THE	4
TG 	4
TB 	4
Szt	4
Szk	4
Svi	4
Sro	4
SQU	4
SPL	4
Soy	4
Soi	4
Soe	4
Soa	4
Smy	4
SM 	4
Sjö	4
Shy	4
sey	4
ses	4
Seo	4
se 	4
Scl	4
sar	4
sap	4
Rys	4
RWT	4
rur	4
Rüm	4
RRS	4
röh	4
riv	4
Ria	4
RGO	4
req	4
reb	4
rbb	4
Qin	4
Qew	4
Qel	4
pul	4
pue	4
pon	4
pod	4
PNL	4
plü	4
Pli	4
ple	4
pil	4
Phe	4
PhD	4
peo	4
PDC	4
Pär	4
Pah	4
Oz 	4
Owa	4
out	4
ÖSV	4
OSM	4
Oro	4
oro	4
Orm	4
Orf	4
ÖPN	4
Onu	4
On 	4
Ölt	4
oli	4
OLG	4
old	4
Oku	4
Oke	4
Oje	4
Oel	4
obj	4
Obh	4
Oba	4
Nys	4
NWH	4
Nuu	4
Nus	4
Nud	4
nüc	4
NPD	4
NP 	4
NÖ 	4
NII	4
NEO	4
NCA	4
naz	4
nap	4
NAC	4
myl	4
MPT	4
Moy	4
Moa	4
Mly	4
MLI	4
Mi 	4
MDA	4
McA	4
Mba	4
Mao	4
maj	4
mai	4
Lyt	4
Lwi	4
Lul	4
Lüf	4
Lue	4
lüc	4
Lua	4
loh	4
Llu	4
Lja	4
LG 	4
LDP	4
LC 	4
LAU	4
Laj	4
läc	4
LA 	4
Kyo	4
kWh	4
kVA	4
KSB	4
kru	4
köl	4
kno	4
kn 	4
KMT	4
klö	4
kie	4
keg	4
Ked	4
Kea	4
jus	4
Juk	4
jor	4
Jo 	4
jeh	4
Jär	4
Jäh	4
Jab	4
Itz	4
Itu	4
it 	4
Is 	4
Irw	4
IRÄ	4
IOC	4
Ioa	4
Ino	4
ing	4
Imu	4
Imr	4
Ime	4
IMD	4
Ihl	4
IHK	4
IGN	4
IE 	4
ICR	4
ICA	4
Iar	4
Hys	4
Hyn	4
Hyk	4
hya	4
Hwa	4
Hux	4
htt	4
hög	4
Hla	4
HIV	4
HFI	4
HfB	4
hea	4
Haz	4
Haß	4
haf	4
Gyp	4
gym	4
Goh	4
Gof	4
Goa	4
Go 	4
Gne	4
Glö	4
gif	4
Geu	4
gej	4
Gea	4
Gaw	4
Gap	4
Gah	4
fio	4
FIN	4
FIB	4
FIA	4
fän	4
Fae	4
evt	4
evo	4
EuG	4
ETH	4
Etc	4
Esw	4
esc	4
Erx	4
Eps	4
Enu	4
Eno	4
Eni	4
Enc	4
enc	4
EMR	4
elo	4
eli	4
ekl	4
Eke	4
eic	4
Egm	4
Efr	4
EFA	4
Ebr	4
dys	4
DuV	4
Dül	4
Drp	4
dpa	4
Doy	4
dow	4
Do 	4
DJs	4
DJK	4
Diy	4
diö	4
dil	4
dik	4
deh	4
dea	4
DBB	4
Däh	4
DAA	4
Cyt	4
cyc	4
Cyb	4
Cuz	4
cus	4
coc	4
coa	4
Cly	4
cla	4
cis	4
Cib	4
Chm	4
CF 	4
Cep	4
CDT	4
CDP	4
cas	4
cad	4
Byt	4
Byl	4
Buz	4
but	4
bur	4
bou	4
bod	4
BK 	4
Bij	4
Bih	4
Bep	4
bep	4
be 	4
BDS	4
Baq	4
Bäl	4
bai	4
Ayl	4
Avo	4
Asm	4
asc	4
Arw	4
are	4
ARB	4
Apl	4
Api	4
Aoy	4
Any	4
Anu	4
äng	4
Alh	4
Aku	4
Aie	4
Agh	4
aff	4
adr	4
AC 	4
abo	4
ABF	4
Abä	4
AB 	4
aar	4
Aad	4
Zys	3
zyn	3
Zve	3
zup	3
zub	3
Zqa	3
Zop	3
Zog	3
Zof	3
zis	3
zio	3
Zil	3
Zef	3
Zeb	3
ZDN	3
zau	3
Zai	3
Yva	3
Yus	3
Yun	3
Yoh	3
Yog	3
Yeu	3
XOX	3
Xia	3
Xer	3
Xen	3
WWU	3
WWF	3
WWE	3
Wüt	3
Wuh	3
Wro	3
WPB	3
Wog	3
Wob	3
WNT	3
WNO	3
Wij	3
Why	3
who	3
WHL	3
whi	3
WEL	3
WBA	3
Wau	3
wae	3
Wab	3
Vyt	3
vyh	3
Vue	3
VSR	3
Vri	3
Vra	3
Vou	3
vot	3
voi	3
vin	3
vic	3
vib	3
ve 	3
Uwa	3
Utz	3
Uts	3
utr	3
Uti	3
UTa	3
Usu	3
USB	3
Upt	3
upp	3
upo	3
Uno	3
UMT	3
Umo	3
Umh	3
umh	3
Ulj	3
Uld	3
Uir	3
UFA	3
Udi	3
Uck	3
Ubi	3
UAB	3
Tza	3
Tym	3
Tyc	3
Tyb	3
Ty 	3
TWL	3
TVM	3
Tuy	3
tuo	3
Tül	3
Tue	3
tue	3
Tud	3
tüc	3
tu 	3
tox	3
Töd	3
til	3
ti 	3
Tg 	3
TER	3
Teo	3
tea	3
tdw	3
täu	3
tap	3
Taj	3
tab	3
Szr	3
sze	3
Syp	3
SUV	3
Suu	3
süß	3
Suo	3
sui	3
sug	3
sty	3
STA	3
SSO	3
sri	3
Spö	3
SPA	3
Sör	3
soe	3
Sni	3
SNC	3
SMR	3
Sju	3
Siw	3
shr	3
Shk	3
sha	3
Sgr	3
SEC	3
SDP	3
SDA	3
SD 	3
SBB	3
SBb	3
sba	3
SAV	3
sas	3
SAP	3
Sa 	3
Ryp	3
Ryo	3
Ryc	3
rüs	3
Rsc	3
RS 	3
ROS	3
Roj	3
RMS	3
Riz	3
reo	3
REN	3
ree	3
RB 	3
RAD	3
Räc	3
quo	3
Qum	3
Quä	3
Qoy	3
Qia	3
Qar	3
Qaf	3
pyr	3
Pye	3
Pya	3
pün	3
PTC	3
Psc	3
Ps 	3
Prö	3
pow	3
pou	3
Poh	3
Ply	3
PKK	3
pit	3
pin	3
pia	3
Phö	3
Phl	3
Pfö	3
PFO	3
pfe	3
Pey	3
pet	3
pel	3
Peh	3
ped	3
PD 	3
PC 	3
paz	3
Päs	3
pap	3
PAI	3
oze	3
Oxa	3
Own	3
own	3
Ova	3
Osu	3
Oßw	3
Öse	3
Öre	3
ORE	3
Ops	3
opf	3
Öls	3
Oko	3
Oha	3
Ogm	3
og 	3
Oes	3
oec	3
Oea	3
odo	3
öde	3
OCi	3
och	3
Obg	3
Oax	3
ÖAV	3
Oas	3
NV 	3
Nüß	3
Nüs	3
NSG	3
NRT	3
NPP	3
NOK	3
NM 	3
Nix	3
niu	3
ni 	3
Neß	3
NEC	3
Nal	3
Na 	3
Myc	3
Muß	3
muß	3
Mür	3
mur	3
Müm	3
Mug	3
Muf	3
Mue	3
Müb	3
MS 	3
mph	3
Mox	3
mou	3
Möd	3
MOD	3
Möc	3
MLS	3
Miq	3
Mij	3
MEH	3
meg	3
Mef	3
MDC	3
McN	3
McF	3
mam	3
mäh	3
mae	3
LWL	3
LPs	3
LP 	3
low	3
lou	3
lom	3
Löd	3
lod	3
Liw	3
liq	3
lik	3
lii	3
lig	3
lev	3
LCA	3
lav	3
lar	3
lai	3
Läh	3
kup	3
Kud	3
KTM	3
kry	3
Kös	3
koh	3
Knö	3
KMU	3
kHz	3
Khm	3
Khe	3
KGB	3
keu	3
ker	3
Kep	3
KC 	3
kab	3
Juw	3
jub	3
Jow	3
Jog	3
Jof	3
job	3
JÖ 	3
Jiv	3
Jil	3
Jic	3
Jeu	3
JES	3
Jep	3
Jem	3
JB 	3
jam	3
Ivy	3
Ivi	3
IUP	3
ITV	3
its	3
Ißl	3
isi	3
ir 	3
Iqa	3
Ipi	3
Iph	3
Iod	3
Inw	3
inw	3
Inp	3
Inj	3
IKR	3
IIC	3
IGS	3
IFF	3
Iff	3
IF 	3
IEC	3
Ido	3
Idl	3
Ibn	3
Hyr	3
hyg	3
hus	3
hug	3
HTC	3
Hsu	3
Hsi	3
Hry	3
HOL	3
Höb	3
HO 	3
HLT	3
hit	3
hek	3
hec	3
HdK	3
HCO	3
HBV	3
Hbf	3
HAR	3
hac	3
haa	3
Gyu	3
Gyö	3
gus	3
Guc	3
Gst	3
GSM	3
Grz	3
gou	3
Gno	3
Glv	3
GKB	3
Gje	3
Gja	3
Giv	3
git	3
gia	3
Ghi	3
ggf	3
geü	3
Gec	3
Gda	3
gam	3
gäb	3
Fyr	3
FSH	3
FOS	3
Fna	3
Fim	3
FIF	3
FF 	3
FEU	3
fen	3
Feg	3
FCW	3
Fäu	3
fau	3
Fän	3
ex 	3
EUR	3
Euk	3
eug	3
ETS	3
ERG	3
ens	3
Enq	3
Emk	3
EMI	3
ema	3
EM 	3
Ely	3
Elw	3
el 	3
Eix	3
Eia	3
EHC	3
Egy	3
Egt	3
Ega	3
EDT	3
Eds	3
EDR	3
ecu	3
ecc	3
EBW	3
eBa	3
ear	3
eac	3
Dyw	3
Dyk	3
Dwy	3
Düm	3
dul	3
DUH	3
duc	3
DQR	3
Dön	3
dol	3
Dni	3
Dmy	3
DMA	3
DKP	3
Diz	3
din	3
Dih	3
DHW	3
Dhu	3
Dhe	3
dev	3
DEL	3
DEA	3
DB 	3
Dao	3
Czi	3
Cyg	3
Cy 	3
CSD	3
Csa	3
coo	3
Co 	3
Cno	3
CNC	3
CMO	3
CIT	3
cit	3
Cia	3
CHL	3
cer	3
cAM	3
CAI	3
Byz	3
Büy	3
büs	3
Büd	3
BTV	3
BT 	3
boy	3
bor	3
Bop	3
bom	3
Böb	3
BNS	3
Bjä	3
BIP	3
BGC	3
BG 	3
beä	3
BB 	3
Bao	3
bac	3
Ayy	3
Aym	3
Äxt	3
Awe	3
avi	3
ave	3
Auw	3
Aun	3
aud	3
Atw	3
atr	3
ATM	3
atm	3
ath	3
ate	3
At 	3
ASK	3
Arq	3
Ärn	3
ärg	3
apl	3
APK	3
API	3
Äpf	3
Anv	3
ANP	3
ANA	3
amü	3
ama	3
ala	3
Aji	3
Aix	3
AEW	3
AE 	3
adv	3
Adh	3
adä	3
acu	3
Äck	3
Aci	3
abm	3
aba	3
aan	3
AAC	3
AA 	3
zyp	2
zyg	2
Zyb	2
Zya	2
Zua	2
Zsc	2
Zör	2
Zöp	2
Zöl	2
Zoi	2
Zoc	2
zm 	2
Zla	2
zin	2
zij	2
zig	2
zic	2
zib	2
Zho	2
Zhi	2
zep	2
ZEI	2
Zdz	2
Zde	2
Zaz	2
Zay	2
Zaw	2
zär	2
Zao	2
Zaf	2
Zab	2
za 	2
Yub	2
Yua	2
Yro	2
Yqu	2
Yng	2
Yiz	2
Yel	2
Ybr	2
Yaq	2
Yag	2
Yab	2
xVx	2
Xua	2
Xte	2
XR 	2
XLI	2
Xio	2
Xho	2
Xan	2
Wyb	2
wut	2
WSG	2
WSC	2
WS 	2
Wrz	2
Woz	2
Wös	2
Wop	2
Wod	2
Wöc	2
WLT	2
WiW	2
Wib	2
WHO	2
WGA	2
wem	2
wea	2
we 	2
WDP	2
WC 	2
Waw	2
wäs	2
Wae	2
vun	2
Vuk	2
VT 	2
vrt	2
vro	2
Vrb	2
VOR	2
voo	2
vob	2
VHS	2
VGN	2
vgl	2
VEU	2
ves	2
Vaz	2
VAS	2
VAE	2
Uzu	2
Uyu	2
Utt	2
Uto	2
uto	2
Utb	2
UST	2
USP	2
USG	2
USF	2
use	2
Usa	2
Urq	2
UPS	2
Ups	2
Upo	2
Upa	2
uom	2
unl	2
Üni	2
Ump	2
Umi	2
Umd	2
umd	2
Ulf	2
Ule	2
Uki	2
Ujj	2
UCT	2
UCS	2
UC 	2
UBS	2
Ube	2
Uba	2
UAE	2
twi	2
Tuv	2
TuR	2
Tuo	2
tug	2
Tua	2
tua	2
TTV	2
Tsi	2
Tse	2
Tsa	2
trö	2
TPS	2
Toz	2
Tör	2
too	2
tod	2
tob	2
To 	2
TKO	2
Tja	2
Tiz	2
tim	2
tid	2
tic	2
Thä	2
TGV	2
TGU	2
TGF	2
TfN	2
Tez	2
Tef	2
Teb	2
TC 	2
Taz	2
tav	2
Tao	2
ta 	2
Szy	2
sza	2
syl	2
SWA	2
SW 	2
Sux	2
suo	2
sun	2
Sua	2
su 	2
STX	2
SSP	2
sov	2
SOS	2
Sön	2
soc	2
sn 	2
Skv	2
skr	2
Skö	2
Sja	2
six	2
Siu	2
sis	2
Sij	2
Sif	2
Shw	2
Shm	2
SHL	2
SHA	2
SGU	2
SGB	2
Sfe	2
SFB	2
SF 	2
sez	2
seq	2
Sej	2
Scz	2
SBZ	2
Saz	2
say	2
Säs	2
Saj	2
sad	2
SAB	2
Rze	2
Ryu	2
Ryl	2
rut	2
Rüp	2
Ruk	2
Rüb	2
RTS	2
RTC	2
RT 	2
Röß	2
RN 	2
Riy	2
Rix	2
Riu	2
RIN	2
Rik	2
Rii	2
Rih	2
RID	2
RIA	2
rho	2
rhi	2
RFK	2
RE 	2
re 	2
RC 	2
RBC	2
rar	2
Raq	2
RAÄ	2
Quy	2
Qim	2
Qat	2
Pyl	2
PVA	2
Püt	2
Pün	2
Puh	2
PTT	2
Pto	2
PtF	2
PSL	2
PSE	2
PRR	2
Prr	2
Poz	2
Pön	2
Pöh	2
poc	2
Pni	2
Plt	2
PKW	2
Pje	2
Pja	2
Pix	2
Piv	2
pik	2
PI 	2
phö	2
Pfü	2
Pez	2
Pem	2
pei	2
pec	2
Pax	2
Paq	2
pai	2
Pae	2
PAC	2
Ozo	2
Ozm	2
Oza	2
ÖVK	2
Ous	2
Oue	2
ÖTV	2
Oto	2
Otm	2
osz	2
Osv	2
OST	2
oss	2
OSH	2
OSB	2
Ört	2
Örn	2
orb	2
Opr	2
OPM	2
op 	2
Oos	2
Oor	2
Ono	2
ONC	2
Onc	2
Oms	2
Omi	2
OM 	2
Ölv	2
Ölp	2
Öll	2
Ölh	2
Olb	2
okz	2
Oks	2
OK 	2
Oji	2
Oin	2
Ohm	2
OHG	2
Oh 	2
Ogr	2
ogh	2
Oer	2
Oei	2
OEC	2
Ödö	2
Odl	2
Öde	2
Oda	2
öd 	2
Ocu	2
OCI	2
occ	2
Obf	2
OBE	2
Oat	2
Oan	2
Nym	2
Nyh	2
NXT	2
NX 	2
Nüt	2
Nuß	2
nuo	2
Nün	2
Nte	2
NSV	2
NSS	2
nrk	2
NPO	2
NÖV	2
NOF	2
NMS	2
Nka	2
Njo	2
Nir	2
NIO	2
NHK	2
NH 	2
NGO	2
new	2
nev	2
nes	2
nem	2
Nej	2
NCL	2
nav	2
NAR	2
NAO	2
nai	2
nag	2
Naf	2
Nae	2
NAD	2
Naa	2
Myo	2
MWh	2
Muz	2
Muo	2
Muj	2
mue	2
Mua	2
MRT	2
Mro	2
MPA	2
Mös	2
mör	2
MON	2
MoM	2
Mok	2
Mll	2
MLB	2
Mk 	2
Mja	2
MIT	2
mi 	2
MGs	2
MgS	2
meu	2
MES	2
MER	2
Meo	2
MEK	2
McQ	2
McB	2
MC 	2
MBS	2
mad	2
MAC	2
Mäa	2
Lyg	2
LUX	2
LUV	2
Lur	2
lun	2
Lül	2
luk	2
lui	2
Lu 	2
LSG	2
Lof	2
Löb	2
Lo 	2
lo 	2
LNG	2
LM 	2
lle	2
LLC	2
LKA	2
Liu	2
Lir	2
lir	2
LIG	2
lif	2
LeM	2
LED	2
LeC	2
lea	2
LCD	2
Läs	2
LaP	2
LAN	2
LAG	2
LaF	2
lab	2
Kys	2
Kye	2
Kvi	2
Kuw	2
Kül	2
Kue	2
Kua	2
KU 	2
KT 	2
krö	2
KPT	2
KPF	2
KPd	2
Koi	2
Kög	2
KOB	2
Knü	2
KMK	2
klo	2
Kiv	2
kit	2
Kia	2
KI 	2
KGS	2
kgl	2
KFZ	2
KfK	2
ket	2
KCV	2
KAN	2
Käh	2
Jyv	2
Jys	2
JUS	2
jue	2
Jr 	2
JLL	2
Jir	2
Jik	2
Jid	2
JHW	2
JET	2
Jej	2
jec	2
Jbe	2
jaz	2
Jaq	2
jac	2
Jaa	2
Izm	2
Ize	2
Izb	2
IX 	2
Iup	2
Its	2
ITA	2
ISA	2
Iry	2
IR 	2
Ips	2
Ior	2
Iny	2
Inu	2
INT	2
Inm	2
inj	2
Imk	2
Imi	2
imi	2
IMA	2
Ilu	2
ILT	2
IIS	2
IIH	2
Ii 	2
Iha	2
Igu	2
Ifr	2
If 	2
IDW	2
Idi	2
ICC	2
IBJ	2
ibe	2
Iai	2
Iac	2
IAA	2
Hye	2
hur	2
hul	2
Hui	2
huf	2
Hti	2
HSV	2
HSC	2
HSA	2
Höv	2
Hög	2
höf	2
ho 	2
Hll	2
Hik	2
hig	2
Hib	2
HHI	2
HER	2
hem	2
Heh	2
HDD	2
Hch	2
HBO	2
häs	2
Ha 	2
gys	2
Gyl	2
Gwe	2
Gwa	2
gum	2
guc	2
GTR	2
Gry	2
GRU	2
GR 	2
GPS	2
Goß	2
gos	2
goo	2
Gön	2
Goi	2
GOG	2
goe	2
Gnu	2
GM 	2
glu	2
GKS	2
giu	2
gir	2
gio	2
GHz	2
gha	2
Gev	2
Geß	2
GEM	2
GC 	2
GbR	2
GBB	2
Gaj	2
Gaf	2
fut	2
Fum	2
Fui	2
fu 	2
ft 	2
FSK	2
FR 	2
FOX	2
Fop	2
FOG	2
Fod	2
FMF	2
fl 	2
FK 	2
fib	2
fia	2
FH 	2
FFS	2
FFC	2
Few	2
FEV	2
FEI	2
Fax	2
fär	2
Fäd	2
FA 	2
Eze	2
Eys	2
Eyr	2
Eyb	2
Exn	2
exm	2
exh	2
Evr	2
EUV	2
Eu 	2
Ety	2
ETT	2
Etn	2
Etl	2
ESP	2
esp	2
esi	2
Erv	2
equ	2
Enj	2
Ena	2
EN 	2
En 	2
EMW	2
Emu	2
Ems	2
EMF	2
Elz	2
Elj	2
Elc	2
EKD	2
Ejl	2
Eir	2
Eim	2
Ehi	2
Eha	2
Egn	2
EGM	2
EG 	2
Eft	2
EFL	2
een	2
EEF	2
EDV	2
EDM	2
edl	2
Eda	2
ed 	2
eco	2
Ebn	2
EBM	2
EBL	2
ebd	2
EBA	2
Eba	2
Eau	2
Ead	2
Dyr	2
Dye	2
Dyd	2
Dyc	2
Dwi	2
Dwa	2
Duv	2
duf	2
dub	2
DSW	2
Dsu	2
DSO	2
Dso	2
Dsi	2
DSF	2
DRH	2
DR 	2
doz	2
Döp	2
doh	2
dog	2
DNa	2
DLR	2
DLC	2
Dje	2
diu	2
dit	2
dio	2
DIN	2
dib	2
DHL	2
DHB	2
DGK	2
DFF	2
Dex	2
DeT	2
DES	2
DeS	2
Dej	2
DeG	2
ded	2
DDI	2
Däu	2
däm	2
Däg	2
daa	2
CZL	2
Cym	2
Cuy	2
Cux	2
cur	2
cul	2
cui	2
Cug	2
Cue	2
cue	2
Cuc	2
cub	2
Cua	2
CTA	2
CSV	2
CSP	2
CSF	2
cro	2
CrI	2
CRE	2
CR 	2
CPU	2
CPL	2
CP 	2
Coz	2
cov	2
COS	2
cor	2
COP	2
cok	2
Cof	2
CoC	2
CN 	2
CMS	2
Cme	2
civ	2
cin	2
Cil	2
cia	2
CI 	2
Chw	2
CFM	2
Cey	2
Cev	2
CER	2
CE 	2
CDI	2
CDD	2
CDA	2
CCC	2
cav	2
Caj	2
CAH	2
Caa	2
CA 	2
bzg	2
Byp	2
BVV	2
bün	2
Büg	2
Büf	2
buf	2
BTu	2
BTR	2
BRD	2
Boß	2
BND	2
BMX	2
biz	2
Biv	2
biß	2
bim	2
Bid	2
BHV	2
BHE	2
BGL	2
BFF	2
Bf 	2
BER	2
beq	2
BDA	2
BBV	2
BAV	2
Bäs	2
bam	2
baj	2
BA 	2
Azz	2
Azm	2
Ayo	2
Axt	2
Awi	2
Awd	2
AWA	2
awa	2
AVA	2
AV 	2
aun	2
au 	2
ätz	2
ATS	2
atl	2
ATK	2
Atk	2
AT 	2
AST	2
ASt	2
ASS	2
Asq	2
Aso	2
Asn	2
AS 	2
As 	2
ARK	2
Arf	2
Aqq	2
api	2
apf	2
ap 	2
Aom	2
ANR	2
anj	2
AN 	2
Amw	2
Amö	2
AMA	2
Aky	2
akr	2
Ake	2
AKA	2
AK 	2
Ajg	2
Ajd	2
Aih	2
ai 	2
AGI	2
Agf	2
AGB	2
Agb	2
AFI	2
Aeo	2
Aen	2
AEK	2
AEG	2
Ady	2
Aco	2
aco	2
ACM	2
Aby	2
ABV	2
ABO	2
ABJ	2
abc	2
ABA	2
Aas	2
AAP	2
Aan	2
AAM	2
Aak	2
zyt	1
Zyn	1
zyk	1
Zwo	1
Zwä	1
ZVK	1
Zup	1
Zui	1
zui	1
zuc	1
ZSC	1
Zrn	1
ZrB	1
zra	1
Zou	1
Zot	1
Zos	1
zor	1
zöl	1
zol	1
Zoe	1
zoc	1
Zma	1
Zli	1
Zju	1
Zje	1
Zix	1
zim	1
ZIG	1
ZG 	1
Zew	1
ZEN	1
zeb	1
ze 	1
Zch	1
Zce	1
Zav	1
Zäs	1
zan	1
ZAM	1
zäl	1
zal	1
zak	1
Zaj	1
zai	1
zag	1
zac	1
Yuv	1
Yul	1
Yuh	1
Yue	1
YTV	1
Yse	1
Yps	1
Ype	1
yoy	1
Yov	1
Yot	1
YON	1
Yob	1
Ync	1
YMC	1
Yli	1
Yla	1
Yix	1
YIU	1
Yib	1
Yi 	1
Yet	1
yet	1
Yer	1
Yee	1
Yec	1
Yau	1
Yao	1
Yah	1
Yaf	1
Yae	1
Yaa	1
Xyl	1
XXP	1
XXL	1
Xue	1
XSC	1
XL 	1
xka	1
Xiu	1
Xim	1
Xil	1
XHI	1
Xhe	1
Xeu	1
XCr	1
XC 	1
XBI	1
XBi	1
Xat	1
Xäb	1
WZA	1
Wyt	1
Wyo	1
Wym	1
Wye	1
Wyc	1
www	1
Wwe	1
Wuu	1
wuß	1
wul	1
Wüh	1
Wüg	1
WU 	1
WTO	1
WTD	1
Wse	1
WRV	1
Wow	1
wou	1
woj	1
Wof	1
woe	1
WOC	1
woc	1
WNY	1
WNI	1
wnd	1
WKS	1
WJH	1
Wiß	1
WIP	1
wip	1
Wio	1
wim	1
WiF	1
Wia	1
WHY	1
whe	1
WGN	1
Wew	1
wev	1
Weu	1
WER	1
web	1
WEA	1
Wd 	1
WCH	1
WCF	1
WBS	1
WBC	1
WB 	1
wav	1
wau	1
WAR	1
Waq	1
WAN	1
WAK	1
Waj	1
Wäg	1
waf	1
wab	1
vzn	1
Vyb	1
Vya	1
VXE	1
VV 	1
Vuv	1
Vur	1
Vuo	1
vuo	1
Vun	1
Vum	1
Vuj	1
Vui	1
vue	1
VU 	1
Vu 	1
VSx	1
VSV	1
Vse	1
VSB	1
Vrt	1
Vro	1
Vre	1
vre	1
VRB	1
Voz	1
voy	1
Voß	1
Vös	1
Vop	1
Vöm	1
VoI	1
Voh	1
VÖE	1
voe	1
voc	1
vnb	1
VmZ	1
vmp	1
vli	1
VLE	1
Vle	1
VIP	1
Viö	1
Vim	1
Vij	1
VIC	1
Vi 	1
vi 	1
VHF	1
VgF	1
VFS	1
VFK	1
Vez	1
Vev	1
Veo	1
Vem	1
vel	1
vek	1
VEI	1
VEG	1
Vea	1
VDM	1
VDI	1
VdB	1
VCO	1
VBC	1
VBA	1
Vav	1
vas	1
Väi	1
vai	1
Vaf	1
uzd	1
uxo	1
Uxe	1
Uws	1
uva	1
Uum	1
UTP	1
UTM	1
UTA	1
ut 	1
Üsü	1
Üst	1
USR	1
Uso	1
USN	1
Ush	1
usb	1
us 	1
Ury	1
urh	1
ure	1
Urc	1
Urä	1
URA	1
ups	1
Upl	1
Upg	1
Upd	1
Upb	1
up 	1
Uod	1
Unu	1
UNT	1
UNS	1
UnR	1
unq	1
uno	1
Ünk	1
UNH	1
Unc	1
unc	1
UNA	1
UnA	1
UN 	1
Umu	1
Ümr	1
ump	1
Umn	1
umn	1
Umm	1
umm	1
UMK	1
uly	1
Ulv	1
Ulu	1
ulk	1
uli	1
ULC	1
Ulc	1
Uky	1
UKW	1
Uku	1
UJC	1
UHM	1
UHF	1
Uhe	1
UH 	1
Ugu	1
Ugo	1
Ugh	1
Ugg	1
Ufu	1
UFO	1
uff	1
Uex	1
uet	1
ues	1
Ued	1
UEC	1
Uec	1
Ueb	1
UDP	1
UdK	1
UDC	1
Uch	1
Ucc	1
UAN	1
Tyv	1
Tys	1
tyr	1
Tyk	1
Txa	1
TWC	1
Twa	1
TVR	1
TVN	1
Tux	1
Tuu	1
Tüt	1
tus	1
Tuq	1
Tup	1
Tün	1
Tüm	1
tüm	1
tum	1
TUH	1
tüf	1
tub	1
Tu 	1
TTR	1
TTP	1
TTF	1
Tsy	1
Tsw	1
TSU	1
TSK	1
tsj	1
tsi	1
tsh	1
tse	1
tsa	1
TS 	1
TRT	1
Trp	1
Trö	1
Trm	1
TRI	1
Tov	1
TOU	1
tos	1
tok	1
Toh	1
tog	1
toe	1
TLZ	1
Tla	1
TKM	1
Tju	1
tje	1
Tiw	1
tis	1
TiO	1
Tio	1
tin	1
Tik	1
Tij	1
Tii	1
THW	1
ThS	1
TGM	1
TGA	1
TFL	1
TF 	1
Tey	1
TEX	1
Tev	1
teo	1
TEM	1
TEE	1
TED	1
TEC	1
Te 	1
TBK	1
Tbi	1
TBC	1
Tbc	1
Taw	1
tas	1
tän	1
TAL	1
täi	1
Täf	1
taf	1
tad	1
tac	1
Taa	1
Ta 	1
Szu	1
Szo	1
Szm	1
Szl	1
Szi	1
Syw	1
Syv	1
Sya	1
Sy 	1
Swo	1
Swj	1
SWF	1
SWD	1
SVI	1
svi	1
SVD	1
SVC	1
Svä	1
sva	1
SUS	1
SuS	1
Sür	1
Süp	1
sün	1
sul	1
süh	1
Suh	1
süc	1
Su 	1
STV	1
StV	1
STJ	1
Sth	1
STE	1
StA	1
SSI	1
SSG	1
SRV	1
SRG	1
SRC	1
Sra	1
SR 	1
squ	1
sq 	1
Spy	1
SPT	1
SPR	1
spp	1
spö	1
SPO	1
SPI	1
SPi	1
Spf	1
Söz	1
sot	1
Soß	1
SOP	1
Söf	1
SOF	1
Sny	1
Snu	1
sne	1
sna	1
SN 	1
SMU	1
SMI	1
SMA	1
SLC	1
sko	1
skj	1
SJy	1
sje	1
SIS	1
SIR	1
SIP	1
sik	1
Sih	1
Sia	1
Si 	1
si 	1
SHW	1
SHV	1
shu	1
Shq	1
she	1
SGP	1
sgn	1
sgh	1
Sfo	1
SFG	1
seu	1
SET	1
SEP	1
SEB	1
Se 	1
SDS	1
SDR	1
SDO	1
SDH	1
sda	1
SCR	1
scr	1
sco	1
SCM	1
sce	1
SCC	1
SCA	1
Sc 	1
SBS	1
Sbo	1
SBE	1
SBc	1
Sba	1
sax	1
SAW	1
saw	1
Saß	1
SaS	1
Sär	1
SAR	1
Säp	1
Sao	1
SAM	1
SAJ	1
säh	1
säg	1
SAG	1
Säf	1
säe	1
SAE	1
sae	1
SAD	1
SAC	1
ryb	1
RX 	1
RVS	1
RV 	1
ruw	1
Ruv	1
Rüß	1
ruß	1
RUS	1
rür	1
RUN	1
Ruj	1
rüg	1
Rüf	1
Rüe	1
rüb	1
RTV	1
RTB	1
RSV	1
RSE	1
RSC	1
Rro	1
rrh	1
Röv	1
Rör	1
Ror	1
ROQ	1
Röp	1
ROM	1
ROL	1
ROK	1
rok	1
ROI	1
roi	1
Rof	1
roc	1
Röb	1
Ro 	1
RNa	1
RMX	1
RMV	1
RMf	1
RLP	1
RIv	1
Rir	1
rip	1
rib	1
Ri 	1
Rhu	1
RG 	1
RFI	1
RFA	1
REX	1
rex	1
reü	1
reu	1
Reß	1
ReS	1
REP	1
ReP	1
REM	1
RED	1
Re 	1
RCD	1
RbE	1
ram	1
Räh	1
rab	1
Qwi	1
Qvi	1
Qur	1
quä	1
qpc	1
QLA	1
Qir	1
QED	1
QE 	1
Qaw	1
Qas	1
PZP	1
PzH	1
PyN	1
Pyh	1
Pyg	1
Puz	1
Pux	1
Puv	1
put	1
pus	1
pum	1
pui	1
Püc	1
Pu 	1
Ptu	1
Pts	1
pti	1
Pte	1
PT 	1
Pst	1
pst	1
PSO	1
Psj	1
PSi	1
psa	1
pru	1
Prj	1
PRA	1
PR 	1
ppo	1
PPM	1
PPG	1
Pös	1
POS	1
Pör	1
POE	1
Pöb	1
Pob	1
Poa	1
Po 	1
Pno	1
Pne	1
PM 	1
PLM	1
plc	1
PLA	1
Pjö	1
pir	1
pio	1
Pim	1
Pij	1
pii	1
Pif	1
PHP	1
phl	1
phä	1
PGR	1
PGC	1
PG 	1
pfr	1
pfi	1
Pew	1
pew	1
Pev	1
PET	1
Pej	1
PdA	1
PCT	1
PCs	1
PCN	1
PBS	1
pay	1
PAT	1
paß	1
PAN	1
päi	1
pah	1
Pää	1
Pa 	1
Ozu	1
Özo	1
Özk	1
Özg	1
Özd	1
Özc	1
Oyt	1
Oyj	1
Oye	1
Oxy	1
Oxn	1
Oxi	1
oxi	1
Ows	1
ÖWB	1
öve	1
Oum	1
Ouk	1
ou 	1
Ötz	1
Otw	1
Ött	1
ott	1
Ots	1
Ötl	1
OTL	1
Otl	1
Otg	1
OTB	1
OT 	1
Osz	1
OSs	1
Oso	1
Osh	1
Osg	1
Osd	1
OSC	1
osc	1
os 	1
Örk	1
Orj	1
ORB	1
Or 	1
Opu	1
opu	1
Opl	1
Öpi	1
OPF	1
Opa	1
Oot	1
Ool	1
OÖ 	1
Onw	1
Onv	1
ont	1
Ons	1
ons	1
ONN	1
onn	1
Oni	1
one	1
Ona	1
ona	1
Omu	1
omn	1
omi	1
OMG	1
omf	1
om 	1
olv	1
Ölu	1
Ölr	1
Olr	1
Olh	1
olh	1
ölg	1
Ol 	1
OKR	1
okk	1
oke	1
Oju	1
OIM	1
Oik	1
Oid	1
oHG	1
ogr	1
Ogo	1
Ogn	1
Ogh	1
Ogg	1
ogf	1
oge	1
Ogd	1
OGC	1
Ofa	1
OF 	1
Oev	1
Öed	1
Oed	1
Oec	1
Oeb	1
Ody	1
odp	1
Odn	1
Ödi	1
OdF	1
ODE	1
oDe	1
Odd	1
Odc	1
Ocq	1
ock	1
OCa	1
OC 	1
OBU	1
Obu	1
obr	1
Obö	1
ÖBI	1
OBI	1
obb	1
ÖBA	1
oba	1
oax	1
ÖAW	1
oat	1
OAR	1
Oag	1
ÖAA	1
NZZ	1
Nyr	1
NYP	1
NYH	1
Nye	1
nye	1
Nya	1
nwz	1
NWI	1
NWD	1
NVA	1
nuk	1
Nuh	1
Nüb	1
nua	1
nu 	1
NTA	1
Nsu	1
NSB	1
Ns 	1
NPR	1
Nös	1
NOL	1
Noh	1
Nod	1
NO 	1
Nm 	1
NLW	1
NLR	1
NLP	1
NLD	1
NLC	1
Nla	1
NKW	1
NIS	1
nis	1
Niq	1
NIÖ	1
NiO	1
nio	1
nih	1
nid	1
NIC	1
Nho	1
NGU	1
Nga	1
NFV	1
NFC	1
NFA	1
nez	1
Ney	1
NEV	1
NEI	1
NEF	1
nee	1
NEB	1
NE 	1
ne 	1
ndg	1
NCH	1
Nay	1
Naw	1
Näs	1
när	1
Näm	1
NAm	1
Naj	1
Näf	1
NAe	1
nab	1
naa	1
Mze	1
Myw	1
myv	1
myo	1
Myh	1
my 	1
Mwa	1
mvy	1
MVV	1
MVK	1
MuS	1
mür	1
muk	1
Müc	1
MTZ	1
MTS	1
MTO	1
MTM	1
Msw	1
MSV	1
Mst	1
MSS	1
MSP	1
MSO	1
MSc	1
Mra	1
MR 	1
Mpw	1
MPS	1
MPI	1
MPi	1
mov	1
Möß	1
Moq	1
Mop	1
moo	1
moi	1
Möh	1
Mo 	1
Mny	1
Mno	1
Mne	1
MMZ	1
MMV	1
Mma	1
MM 	1
Mla	1
mla	1
ml 	1
Mkw	1
Mkr	1
MKF	1
MK 	1
Miß	1
MiR	1
Mip	1
mim	1
Mii	1
MiG	1
mid	1
MIB	1
mia	1
MHz	1
Mho	1
MGV	1
mga	1
MG 	1
Mg 	1
MFA	1
MEY	1
Mew	1
Mep	1
mek	1
MEG	1
MEF	1
mee	1
mea	1
me 	1
MDB	1
McV	1
McT	1
McS	1
McR	1
MCP	1
McP	1
MCC	1
MCA	1
mc 	1
MBX	1
MBE	1
MAX	1
Mav	1
Mäß	1
MaK	1
MA 	1
LZ 	1
Lyx	1
Lyp	1
Lyk	1
lyk	1
lyi	1
Lya	1
Ly 	1
LXX	1
LUZ	1
luz	1
Luu	1
Lüs	1
LUP	1
lün	1
Lüm	1
lum	1
lug	1
lüf	1
luc	1
LTR	1
LSR	1
LSA	1
Löt	1
Löß	1
LOR	1
Loq	1
LoF	1
lof	1
löb	1
LoB	1
ln 	1
LMT	1
LMP	1
lll	1
Lle	1
LLB	1
LKM	1
LIV	1
LIT	1
LiT	1
LID	1
lia	1
li 	1
Lho	1
LGV	1
Lgo	1
LGe	1
LGB	1
LFV	1
LfU	1
LFP	1
LfM	1
LFI	1
LeZ	1
Lez	1
lex	1
Leü	1
LEU	1
leo	1
Lej	1
LeG	1
LEB	1
LeB	1
LEA	1
LCO	1
laz	1
lay	1
law	1
LAS	1
lär	1
Läm	1
LAK	1
lak	1
lah	1
Läg	1
läg	1
LaB	1
Lää	1
Kyu	1
kyr	1
Kyf	1
Kyb	1
Kya	1
KWU	1
KvL	1
Kux	1
kuw	1
Kuu	1
kuu	1
Kuß	1
Küp	1
Kuö	1
Kük	1
Kuj	1
Küg	1
kud	1
küc	1
KTU	1
KTB	1
KSV	1
ksi	1
Ksh	1
KSC	1
Ksa	1
Krs	1
KRO	1
KPS	1
KPM	1
KPH	1
kov	1
Köt	1
kot	1
KÖS	1
KOr	1
Köö	1
kof	1
Köb	1
knu	1
Knt	1
Knä	1
KNA	1
kN 	1
Kmi	1
Klw	1
kl 	1
KK 	1
KJV	1
kjl	1
Kje	1
Kiy	1
KiT	1
kil	1
kik	1
Kif	1
kid	1
Khü	1
Khn	1
Khi	1
KHC	1
kha	1
Kgl	1
KfW	1
Kfa	1
key	1
Keß	1
kes	1
Keq	1
ked	1
Keb	1
Kdö	1
KDM	1
KDE	1
Kda	1
KCB	1
kbp	1
KaV	1
kär	1
kaj	1
kaf	1
ka 	1
Jyo	1
JWM	1
jux	1
jul	1
juk	1
Juj	1
jui	1
Jüh	1
Juc	1
Jüb	1
JU 	1
Ju 	1
JTB	1
JRC	1
JPB	1
jos	1
Jön	1
Jom	1
jok	1
Jöb	1
Jna	1
JK 	1
Jih	1
Jig	1
jig	1
Jie	1
jid	1
Jha	1
JH 	1
Jev	1
jeu	1
JEM	1
jej	1
JBK	1
Jäz	1
jav	1
jau	1
jar	1
jäm	1
jal	1
JAK	1
Jäc	1
Ja 	1
Izz	1
Izd	1
iz 	1
Iye	1
IWK	1
Iwe	1
ivo	1
IUT	1
Iur	1
iud	1
iuc	1
itz	1
Ito	1
ITN	1
Iti	1
Ith	1
ite	1
Isu	1
ISS	1
ISR	1
ISP	1
Isp	1
isn	1
ISK	1
Isk	1
ISG	1
Isf	1
Isb	1
Iru	1
IRS	1
Irs	1
Irb	1
IQ 	1
IPv	1
iPh	1
IPa	1
IP 	1
Iow	1
IOE	1
INX	1
INS	1
INR	1
Inq	1
inp	1
ING	1
INF	1
INB	1
IMS	1
ImP	1
Imh	1
IMG	1
Imf	1
ime	1
Ilz	1
Ilv	1
Ilt	1
ils	1
Ilk	1
ili	1
Ilh	1
Ilf	1
ILA	1
Iku	1
Ikr	1
IKL	1
Ikl	1
Iki	1
IKB	1
Iju	1
Ijs	1
Ijo	1
iIc	1
Ihu	1
Ihs	1
IHM	1
IHL	1
Ihi	1
IHF	1
Ihe	1
igl	1
IGF	1
IGe	1
IG 	1
IFP	1
Ies	1
ien	1
iem	1
ie 	1
IDs	1
Ids	1
ido	1
IDF	1
ID 	1
Ict	1
ICs	1
iCP	1
ICO	1
Ico	1
ico	1
Ick	1
ICI	1
ICE	1
ICB	1
IBU	1
IBS	1
Ibs	1
IBO	1
IBM	1
ibi	1
IBG	1
IBF	1
Ibb	1
IBA	1
iar	1
IAI	1
IAF	1
Ia 	1
hzG	1
Hz 	1
Hyw	1
Hyo	1
Hyl	1
hyb	1
Hyä	1
Hvo	1
Hva	1
hüt	1
Huh	1
huh	1
hüf	1
HUD	1
hub	1
Hu 	1
HTT	1
HTL	1
HTB	1
HSJ	1
Hrv	1
HRR	1
hro	1
Hri	1
Hrf	1
Hrd	1
HR 	1
hr 	1
HPZ	1
HPI	1
Höt	1
Hoß	1
hos	1
Höp	1
hop	1
Höm	1
Höd	1
hod	1
HNL	1
HNC	1
Hna	1
HMY	1
HMA	1
Hlu	1
Hlg	1
hje	1
Hjä	1
HJ 	1
Hiu	1
HiT	1
hir	1
Hio	1
Hij	1
Hii	1
HIC	1
HIB	1
Hia	1
HGÜ	1
HGB	1
HG 	1
HfS	1
Hfm	1
hey	1
HEW	1
Heq	1
hep	1
HEN	1
hen	1
heh	1
heg	1
HEC	1
HD 	1
HCN	1
HBR	1
HBL	1
HBc	1
hav	1
HAP	1
häm	1
HAK	1
haK	1
hak	1
HaG	1
HAE	1
HAD	1
haD	1
had	1
Gye	1
Gwy	1
Gwi	1
gwa	1
GV 	1
Guz	1
güt	1
Güß	1
Guo	1
Güm	1
GUL	1
Guj	1
Guf	1
Güe	1
gue	1
Güd	1
gub	1
gua	1
GTS	1
GTP	1
GTO	1
GSL	1
Gse	1
GSC	1
gsc	1
Gsa	1
GRD	1
GRC	1
GRB	1
GQ 	1
GPU	1
Goz	1
Gow	1
GOT	1
GOS	1
gor	1
Gok	1
Goj	1
Göd	1
god	1
Göc	1
Goc	1
GOÄ	1
GNU	1
gnä	1
gna	1
gmq	1
GmP	1
gly	1
GLP	1
Giz	1
GIS	1
gim	1
Gic	1
Ghy	1
Ghr	1
GH 	1
gGm	1
GFT	1
Gfr	1
GfK	1
Gfä	1
gev	1
geu	1
GET	1
GEO	1
GEG	1
GEC	1
Geä	1
Ge 	1
GDV	1
GDR	1
GDI	1
GDA	1
GD 	1
GCS	1
GBU	1
GBP	1
GBM	1
Gäv	1
gau	1
gat	1
gär	1
GAP	1
Gäh	1
gäh	1
gag	1
gad	1
Gäb	1
Gaa	1
ga 	1
FZ 	1
fys	1
fyn	1
FY 	1
FX 	1
Fwa	1
Fw 	1
FVS	1
FVR	1
FV 	1
fuz	1
Fuy	1
Fux	1
FUN	1
Füg	1
Füc	1
Fü 	1
FTS	1
FT 	1
FRS	1
Frh	1
FQ 	1
fpm	1
Fov	1
fou	1
foo	1
fon	1
Foi	1
foc	1
Foa	1
FND	1
fMR	1
FMD	1
FmB	1
FmA	1
flö	1
FL 	1
Fje	1
FIZ	1
Fiz	1
FIV	1
Fiv	1
FIT	1
fit	1
fiq	1
FGF	1
FG 	1
FeO	1
Feo	1
fds	1
FDR	1
FDI	1
FCN	1
FCF	1
FBW	1
FBD	1
FB 	1
fax	1
FAU	1
fäs	1
FAO	1
Faf	1
fae	1
FAD	1
fäc	1
FAC	1
FAB	1
FAA	1
fa 	1
Ezu	1
EZB	1
Eyt	1
Eyc	1
Eya	1
Exs	1
exs	1
Exq	1
Exm	1
Exf	1
Ex 	1
EWL	1
EWG	1
Evy	1
EVS	1
eVi	1
Evg	1
EV 	1
eV 	1
Euz	1
EuR	1
eup	1
euk	1
eue	1
Eua	1
ety	1
Etü	1
Etr	1
ETO	1
ETB	1
Esz	1
esw	1
ESR	1
esq	1
eso	1
Esl	1
ESK	1
Esi	1
Esg	1
Esb	1
ery	1
EPT	1
EPs	1
eps	1
EPP	1
epo	1
eph	1
epd	1
EPB	1
EOS	1
Eos	1
EOK	1
EO 	1
env	1
enu	1
ENS	1
enn	1
Enl	1
enj	1
eni	1
Enh	1
enh	1
ENF	1
enf	1
EnB	1
EMT	1
ems	1
EMP	1
EML	1
els	1
ELO	1
Elk	1
ELa	1
ela	1
Ekt	1
Eks	1
eks	1
EKR	1
eko	1
Eki	1
EKH	1
EKB	1
Eka	1
EK 	1
eju	1
Eja	1
eit	1
Eiß	1
Eij	1
EIH	1
Eib	1
EIA	1
EI 	1
Ei 	1
EHR	1
Ehn	1
Ehl	1
EHF	1
EHE	1
Ehb	1
Egu	1
EGr	1
Egr	1
Efi	1
efe	1
Eev	1
Eer	1
Een	1
eel	1
EEG	1
Eeb	1
Edz	1
Edn	1
Edh	1
edg	1
EDE	1
ede	1
EDC	1
EDB	1
ECS	1
Ecl	1
eck	1
eCa	1
EBS	1
Ebs	1
Ebm	1
EBE	1
Eat	1
EAS	1
eas	1
Eal	1
Dyt	1
dyc	1
Dyb	1
DWZ	1
DWS	1
Dwo	1
DWD	1
dwd	1
DVW	1
Dvo	1
Duy	1
dut	1
DuS	1
Düp	1
DuM	1
DÜL	1
Dük	1
DUK	1
duk	1
Dug	1
Düc	1
Düb	1
DUB	1
dua	1
dty	1
dtv	1
DTS	1
DTM	1
DSV	1
Dse	1
dsD	1
DSC	1
Drz	1
DRS	1
DRR	1
Drö	1
DRK	1
DRG	1
DRE	1
DPD	1
DPA	1
DP 	1
dou	1
dör	1
doo	1
DOM	1
DOK	1
Doj	1
Doi	1
doi	1
Dof	1
dod	1
Doa	1
DNV	1
DNB	1
DMS	1
DMG	1
DLV	1
DL 	1
DKS	1
DKN	1
DKM	1
Diw	1
Diu	1
DiR	1
dii	1
DIG	1
DIE	1
did	1
DiC	1
DiB	1
Dib	1
DI 	1
DHR	1
dhh	1
DHf	1
dgl	1
DFC	1
DeY	1
Dey	1
dex	1
DEW	1
DeW	1
DEV	1
Deß	1
DeR	1
DEP	1
DeP	1
Deo	1
DeJ	1
DeC	1
DEB	1
DDP	1
DCN	1
DCL	1
DC 	1
DBG	1
DAZ	1
day	1
Daß	1
Där	1
DAR	1
Däl	1
dal	1
dak	1
DAF	1
däc	1
DaB	1
Czu	1
Czö	1
cyt	1
Cyp	1
Cyl	1
Cyd	1
CVO	1
Cvj	1
Cve	1
cut	1
cup	1
Cuo	1
cun	1
Cuk	1
Cuf	1
cud	1
CTV	1
CTT	1
CTP	1
CSu	1
CSs	1
CSM	1
CSK	1
CSI	1
Cse	1
CS 	1
COW	1
COR	1
cop	1
COM	1
COD	1
CoD	1
cod	1
CoA	1
CO 	1
CNI	1
CNB	1
CMZ	1
CMN	1
CML	1
CMG	1
cme	1
CMA	1
cly	1
CLU	1
clo	1
CLA	1
CKM	1
CKA	1
CJD	1
Cix	1
CIS	1
CIR	1
Cip	1
Cio	1
CIN	1
CIM	1
cim	1
Cig	1
Cid	1
CIA	1
Chü	1
CHU	1
CHR	1
chl	1
chj	1
CHI	1
Chh	1
CHF	1
CHA	1
CH 	1
CGP	1
CFR	1
CfK	1
CFF	1
CFC	1
CEU	1
ces	1
cem	1
cel	1
Cej	1
Cef	1
CeB	1
Cea	1
CdZ	1
CDN	1
CDE	1
CCM	1
CCG	1
CCF	1
ccc	1
CBR	1
cbj	1
CBE	1
CBB	1
CAU	1
Caq	1
CAi	1
caf	1
cae	1
Cäc	1
cac	1
cab	1
CAA	1
ca 	1
Bzu	1
Byo	1
byg	1
Bye	1
Byd	1
Byc	1
By 	1
BXE	1
BWB	1
BVe	1
BVD	1
BV 	1
Buu	1
Buo	1
buo	1
BUN	1
buk	1
bui	1
büh	1
BU 	1
BTs	1
btf	1
BSV	1
Bsq	1
BSD	1
BSA	1
BS 	1
BRZ	1
Brv	1
Brn	1
brd	1
Br 	1
BPS	1
böt	1
BOR	1
Bön	1
bon	1
Bök	1
Bok	1
boj	1
BOI	1
boa	1
BNP	1
BMU	1
BMS	1
BMG	1
BLS	1
BLF	1
BLE	1
BL 	1
Bk 	1
Bix	1
Biw	1
BIT	1
BIS	1
bif	1
bid	1
BIC	1
Bhu	1
Bho	1
BHA	1
BH 	1
BfL	1
BF 	1
bey	1
BET	1
Beq	1
bec	1
beA	1
BDO	1
BDJ	1
BCP	1
BCM	1
BC 	1
BBS	1
BBB	1
BAW	1
BaW	1
Baw	1
BAR	1
BAG	1
Baf	1
bae	1
Azr	1
Azd	1
Ayn	1
Ayi	1
Ayd	1
Ayc	1
Axw	1
Ax 	1
AWS	1
AWR	1
AWO	1
AVX	1
AVR	1
avo	1
Auz	1
äus	1
AUM	1
auk	1
Auh	1
AUG	1
aUF	1
Ati	1
Atc	1
Asw	1
Asv	1
äße	1
aße	1
aß 	1
ASM	1
asm	1
ASL	1
Asl	1
ask	1
ASI	1
ASG	1
ASF	1
Asd	1
äsc	1
ASC	1
ASB	1
Arx	1
arv	1
ars	1
ARP	1
ARG	1
ARA	1
aqu	1
Aqs	1
Aqi	1
Apt	1
apt	1
APO	1
Aph	1
APA	1
apa	1
Aos	1
AöR	1
Aor	1
äol	1
AOK	1
ao 	1
any	1
anu	1
Änn	1
ANN	1
äne	1
AnD	1
Amü	1
AMO	1
amn	1
AMM	1
Aml	1
Amf	1
AMC	1
ALW	1
Alw	1
ALV	1
ALS	1
AlO	1
alm	1
Alj	1
ALI	1
ALG	1
ale	1
ALD	1
ald	1
AKT	1
Akq	1
akq	1
Akp	1
Ako	1
Ak 	1
Ajo	1
AJH	1
Aje	1
Aja	1
Aiz	1
air	1
AIP	1
AIM	1
Aim	1
Ail	1
aig	1
AID	1
AIA	1
AI 	1
Ai 	1
ähr	1
Ags	1
AGO	1
ago	1
AGN	1
age	1
Agd	1
Afo	1
AFG	1
Äff	1
Afe	1
afe	1
AFC	1
aet	1
AER	1
aen	1
Aeh	1
AED	1
AdS	1
Ads	1
ADP	1
AdP	1
ADO	1
Adn	1
Adk	1
adj	1
adc	1
Acy	1
ACT	1
Acq	1
acq	1
ack	1
aci	1
ACB	1
aca	1
äbt	1
ABS	1
abp	1
ABM	1
abi	1
ABG	1
ABB	1
AAW	1
AAV	1
AAB	1
